Time;Channel A;Channel B
(ns);(mV);(mV)

-461,40001005;10,19008000;11,82333000
-461,00001004;10,28236000;11,86946000
-460,60001004;10,07320000;11,62340000
-460,20001003;9,61183500;11,07283000
-459,80001003;9,37807500;11,31582000
-459,40001002;9,37807500;12,37389000
-459,00001002;9,62413800;12,38619000
-458,60001001;10,13164000;11,37426000
-458,20001001;10,11934000;10,90674000
-457,80001000;9,56569900;10,99901000
-457,40001000;9,56569900;11,01132000
-457,00000999;10,11934000;10,96518000
-456,60000998;10,13164000;11,19894000
-456,20000998;9,62413800;11,70645000
-455,80000997;9,39037900;11,69414000
-455,40000997;9,43651600;11,14050000
-455,00000996;9,44881800;11,12820000
-454,60000996;9,44881800;11,63570000
-454,20000995;9,43651600;11,88177000
-453,80000995;9,39037900;11,88177000
-453,40000994;9,61183500;11,64801000
-453,00000994;10,07320000;11,18664000
-452,60000993;10,29466000;10,94058000
-452,20000993;10,24852000;10,89444000
-451,80000992;10,24852000;11,37426000
-451,40000992;10,29466000;12,38619000
-451,00000991;10,06090000;12,38619000
-450,60000990;9,55339400;11,37426000
-450,20000990;9,55339400;10,90674000
-449,80000989;10,06090000;10,99901000
-449,40000989;10,30696000;11,02362000
-449,00000988;10,30696000;11,02362000
-448,60000988;10,04860000;11,01132000
-448,20000987;9,49803200;10,96518000
-447,80000987;9,71948700;11,18664000
-447,40000986;10,68528000;11,64801000
-447,00000986;11,14050000;11,86946000
-446,60000985;11,04823000;11,82333000
-446,20000985;11,03592000;11,81102000
-445,80000984;11,08206000;11,81102000
-445,40000984;10,86060000;11,81102000
-445,00000983;10,39924000;11,81102000
-444,60000982;10,19008000;11,81102000
-444,20000982;10,28236000;11,81102000
-443,80000981;10,07320000;11,82333000
-443,40000981;9,61183500;11,86946000
-443,00000980;9,39037900;11,64801000
-442,60000980;9,43651600;11,18664000
-442,20000979;9,44881800;10,95288000
-441,80000979;9,44881800;10,95288000
-441,40000978;9,43651600;11,19894000
-441,00000978;9,39037900;11,70645000
-440,60000977;9,61183500;11,70645000
-440,20000977;10,07320000;11,19894000
-439,80000976;10,29466000;10,95288000
-439,40000976;10,24852000;10,95288000
-439,00000975;10,23622000;11,19894000
-438,60000974;10,23622000;11,70645000
-438,20000974;10,23622000;11,71567000
-437,80000973;10,23622000;11,25738000
-437,40000973;10,23622000;10,77756000
-437,00000972;10,23622000;10,27313000
-436,60000972;10,23622000;10,50689000
-436,20000971;10,23622000;11,47269000
-435,80000971;10,23622000;11,94943000
-435,40000970;10,23622000;11,94943000
-435,00000970;10,23622000;11,46038000
-434,60000969;10,23622000;10,44845000
-434,20000969;10,23622000;10,44845000
-433,80000968;10,23622000;11,46038000
-433,40000967;10,23622000;11,92790000
-433,00000967;10,23622000;11,83563000
-432,60000966;10,23622000;11,79872000
-432,20000966;10,23622000;11,75258000
-431,80000965;10,24852000;11,98634000
-431,40000965;10,29466000;12,49385000
-431,00000964;10,07320000;12,50307000
-430,60000964;9,61183500;12,04478000
-430,20000963;9,39037900;11,58957000
-429,80000963;9,43651600;11,17433000
-429,40000962;9,43651600;10,95288000
-429,00000962;9,39037900;10,95288000
-428,60000961;9,62413800;11,19894000
-428,20000961;10,13164000;11,70645000
-427,80000960;10,10704000;11,70645000
-427,40000959;9,50725700;11,19894000
-427,00000959;9,73179100;10,94058000
-426,60000958;10,74065000;10,89444000
-426,20000958;10,97441000;11,37426000
-425,80000957;10,42384000;12,38619000
-425,40000957;10,17778000;12,38619000
-425,00000956;10,22392000;11,37426000
-424,60000956;10,23622000;10,88521000
-424,20000955;10,23622000;10,88521000
-423,80000955;10,23622000;11,36196000
-423,40000954;10,23622000;12,32775000
-423,00000954;10,23622000;12,57382000
-422,60000953;10,23622000;12,11553000
-422,20000953;10,22392000;11,41425000
-421,80000952;10,17778000;10,49459000
-421,40000951;10,41154000;10,26083000
-421,00000951;10,91905000;10,71912000
-420,60000950;10,91905000;11,43270000
-420,20000950;10,41154000;12,39850000
-419,80000949;10,17778000;12,37389000
-419,40000949;10,22392000;11,31582000
-419,00000948;10,23622000;11,07283000
-418,60000948;10,23622000;11,62340000
-418,20000947;10,23622000;11,86946000
-417,80000947;10,23622000;11,82333000
-417,40000946;10,23622000;11,81102000
-417,00000946;10,23622000;11,81102000
-416,60000945;10,24852000;11,79872000
-416,20000945;10,29466000;11,75258000
-415,80000944;10,07320000;11,98634000
-415,40000943;9,61183500;12,49385000
-415,00000943;9,37807500;12,50307000
-414,60000942;9,37807500;12,04478000
-414,20000942;9,62413800;11,57726000
-413,80000941;10,13164000;11,11897000
-413,40000941;10,10704000;11,14050000
-413,00000940;9,50725700;11,69414000
-412,60000940;9,73179100;11,70645000
-412,20000939;10,74065000;11,19894000
-411,80000939;10,97441000;10,95288000
-411,40000938;10,42384000;10,95288000
-411,00000938;10,17778000;11,18664000
-410,60000937;10,22392000;11,64801000
-410,20000937;10,23622000;11,88177000
-409,80000936;10,23622000;11,88177000
-409,40000935;10,23622000;11,63570000
-409,00000935;10,23622000;11,12820000
-408,60000934;10,23622000;11,11897000
-408,20000934;10,23622000;11,57726000
-407,80000933;10,23622000;12,06939000
-407,40000933;10,23622000;12,61996000
-407,00000932;10,24852000;12,14013000
-406,60000932;10,29466000;10,62377000
-406,20000931;10,06090000;10,37771000
-405,80000931;9,55339400;11,38964000
-405,40000930;9,56569900;12,10322000
-405,00000930;10,11934000;12,51538000
-404,60000929;10,13164000;12,50307000
-404,20000929;9,62413800;12,04478000
-403,80000928;9,37807500;11,56496000
-403,40000927;9,37807500;11,06053000
-403,00000927;9,61183500;11,29429000
-402,60000926;10,07320000;12,26009000
-402,20000926;10,30696000;12,72761000
-401,80000925;10,30696000;12,68147000
-401,40000925;10,06090000;12,43541000
-401,00000924;9,55339400;11,97404000
-400,60000924;9,56569900;11,75258000
-400,20000923;10,11934000;11,79872000
-399,80000923;10,11934000;11,82333000
-399,40000922;9,56569900;11,86946000
-399,00000922;9,55339400;11,63570000
-398,60000921;10,06090000;11,12820000
-398,20000920;10,29466000;11,11897000
-397,80000920;10,24852000;11,57726000
-397,40000919;10,23622000;12,06939000
-397,00000919;10,23622000;12,61996000
-396,60000918;10,23622000;12,14013000
-396,20000918;10,23622000;10,62377000
-395,80000917;10,23622000;10,39001000
-395,40000917;10,23622000;11,44808000
-395,00000916;10,23622000;11,94021000
-394,60000916;10,23622000;11,89407000
-394,20000915;10,22392000;11,64801000
-393,80000915;10,17778000;11,18664000
-393,40000914;10,42384000;10,93135000
-393,00000914;10,97441000;10,83907000
-392,60000913;10,75295000;11,52805000
-392,20000912;9,78715500;12,95214000
-391,80000912;9,31040800;13,41966000
-391,40000911;9,31040800;12,91523000
-391,00000911;9,78715500;12,20165000
-390,60000910;10,75295000;11,28199000
-390,20000910;10,97441000;11,08206000
-389,80000909;10,42384000;11,68184000
-389,40000909;10,17778000;11,70645000
-389,00000908;10,22392000;11,19894000
-388,60000908;10,23622000;10,96518000
-388,20000907;10,23622000;11,01132000
-387,80000907;10,24852000;11,02362000
-387,40000906;10,29466000;11,02362000
-387,00000906;10,06090000;11,02362000
-386,60000905;9,55339400;11,02362000
-386,20000904;9,56569900;11,01132000
-385,80000904;10,11934000;10,96518000
-385,40000903;10,13164000;11,18664000
-385,00000903;9,62413800;11,64801000
-384,60000902;9,39037900;11,88177000
-384,20000902;9,43651600;11,88177000
-383,80000901;9,42421200;11,63570000
-383,40000901;9,33193800;11,12820000
-383,00000900;9,78715500;11,11897000
-382,60000900;10,75295000;11,57726000
-382,20000899;10,98671000;12,04478000
-381,80000899;10,48228000;12,50307000
-381,40000898;9,99015700;12,50307000
-381,00000898;9,48572700;12,04478000
-380,60000897;9,73179100;11,56496000
-380,20000896;10,74065000;11,06053000
-379,80000896;10,97441000;11,30659000
-379,40000895;10,42384000;12,31545000
-379,00000895;10,17778000;12,56151000
-378,60000894;10,22392000;12,05709000
-378,20000894;10,23622000;11,56496000
-377,80000893;10,23622000;11,06053000
-377,40000893;10,24852000;11,31582000
-377,00000892;10,29466000;12,37389000
-376,60000892;10,07320000;12,38619000
-376,20000891;9,61183500;11,37426000
-375,80000891;9,39037900;10,89444000
-375,40000890;9,43651600;10,94058000
-375,00000890;9,43651600;11,19894000
-374,60000889;9,39037900;11,70645000
-374,20000888;9,62413800;11,70645000
-373,80000888;10,13164000;11,19894000
-373,40000887;10,11934000;10,95288000
-373,00000887;9,56569900;10,95288000
-372,60000886;9,55339400;11,18664000
-372,20000886;10,06090000;11,64801000
-371,80000885;10,29466000;11,86946000
-371,40000885;10,24852000;11,82333000
-371,00000884;10,24852000;11,82333000
-370,60000884;10,29466000;11,86946000
-370,20000883;10,06090000;11,62340000
-369,80000883;9,55339400;11,07283000
-369,40000882;9,55339400;11,31582000
-369,00000882;10,06090000;12,37389000
-368,60000881;10,29466000;12,37389000
-368,20000880;10,24852000;11,31582000
-367,80000880;10,24852000;11,07283000
-367,40000879;10,29466000;11,62340000
-367,00000879;10,06090000;11,88177000
-366,60000878;9,55339400;11,88177000
-366,20000878;9,55339400;11,66031000
-365,80000877;10,06090000;11,24508000
-365,40000877;10,30696000;10,77756000
-365,00000876;10,30696000;10,27313000
-364,60000876;10,06090000;10,50689000
-364,20000875;9,55339400;11,47269000
-363,80000875;9,55339400;11,92790000
-363,40000874;10,06090000;11,83563000
-363,00000874;10,30696000;11,79872000
-362,60000873;10,30696000;11,75258000
-362,20000872;10,07320000;11,98634000
-361,80000872;9,61183500;12,49385000
-361,40000871;9,37807500;12,50307000
-361,00000871;9,37807500;12,04478000
-360,60000870;9,61183500;11,57726000
-360,20000870;10,07320000;11,11897000
-359,80000869;10,30696000;11,12820000
-359,40000869;10,30696000;11,63570000
-359,00000868;10,07320000;11,89407000
-358,60000868;9,61183500;11,94021000
-358,20000867;9,37807500;11,47269000
-357,80000867;9,37807500;10,50689000
-357,40000866;9,59953100;10,26083000
-357,00000865;10,01476000;10,71912000
-356,60000865;10,45768000;11,44500000
-356,20000864;10,87291000;12,45694000
-355,80000864;11,09436000;12,21087000
-355,40000863;11,09436000;10,69451000
-355,00000863;10,87291000;10,20239000
-354,60000862;10,45768000;10,70681000
-354,20000862;10,00246000;11,43270000
-353,80000861;9,54416800;12,39850000
-353,40000861;9,56569900;12,37389000
-353,00000860;10,11934000;11,31582000
-352,60000860;10,13164000;11,07283000
-352,20000859;9,62413800;11,62340000
-351,80000859;9,39037900;11,85716000
-351,40000858;9,43651600;11,76489000
-351,00000857;9,43651600;11,99865000
-350,60000857;9,39037900;12,54921000
-350,20000856;9,61183500;12,31545000
-349,80000856;10,07320000;11,30659000
-349,40000855;10,28236000;11,08206000
-349,00000855;10,19008000;11,68184000
-348,60000854;10,41154000;11,70645000
-348,20000854;10,91905000;11,19894000
-347,80000853;10,92827000;10,96518000
-347,40000853;10,46998000;11,01132000
-347,00000852;10,01476000;11,01132000
-346,60000852;9,59953100;10,96518000
-346,20000851;9,39037900;11,19894000
-345,80000851;9,43651600;11,70645000
-345,40000850;9,43651600;11,70645000
-345,00000849;9,39037900;11,19894000
-344,60000849;9,61183500;10,95288000
-344,20000848;10,07320000;10,95288000
-343,80000848;10,27005000;11,18664000
-343,40000847;10,13164000;11,64801000
-343,00000847;10,58686000;11,88177000
-342,60000846;11,59879000;11,88177000
-342,20000846;11,59879000;11,63570000
-341,80000845;10,58686000;11,12820000
-341,40000845;10,13164000;11,14050000
-341,00000844;10,27005000;11,69414000
-340,60000844;10,06090000;11,70645000
-340,20000843;9,55339400;11,19894000
-339,80000843;9,55339400;10,94058000
-339,40000842;10,06090000;10,89444000
-339,00000841;10,29466000;11,35273000
-338,60000841;10,24852000;12,26932000
-338,20000840;10,24852000;12,73683000
-337,80000840;10,29466000;12,73683000
-337,40000839;10,07320000;12,24778000
-337,00000839;9,61183500;11,23585000
-336,60000838;9,39037900;11,23585000
-336,20000838;9,43651600;12,24778000
-335,80000837;9,44881800;12,72761000
-335,40000837;9,44881800;12,68147000
-335,00000836;9,42421200;12,43541000
-334,60000836;9,33193800;11,97404000
-334,20000835;9,78715500;11,75258000
-333,80000835;10,75295000;11,79872000
-333,40000834;10,98671000;11,81102000
-333,00000833;10,48228000;11,81102000
-332,60000833;10,00246000;11,82333000
-332,20000832;9,54416800;11,86946000
-331,80000832;9,55339400;11,62340000
-331,40000831;10,06090000;11,07283000
-331,00000831;10,29466000;11,31582000
-330,60000830;10,24852000;12,37389000
-330,20000830;10,22392000;12,39850000
-329,80000829;10,17778000;11,43270000
-329,40000829;10,42384000;10,71912000
-329,00000828;10,97441000;10,26083000
-328,60000828;10,74065000;10,51919000
-328,20000827;9,73179100;11,52805000
-327,80000827;9,49803200;11,76181000
-327,40000826;10,04860000;11,21124000
-327,00000825;10,29466000;10,96518000
-326,60000825;10,24852000;11,01132000
-326,20000824;10,24852000;11,01132000
-325,80000824;10,29466000;10,96518000
-325,40000823;10,07320000;11,19894000
-325,00000823;9,61183500;11,70645000
-324,60000822;9,37807500;11,69414000
-324,20000822;9,37807500;11,14050000
-323,80000821;9,62413800;11,14050000
-323,40000821;10,13164000;11,69414000
-323,00000820;10,13164000;11,70645000
-322,60000820;9,62413800;11,19894000
-322,20000819;9,37807500;10,96518000
-321,80000818;9,37807500;11,01132000
-321,40000818;9,61183500;11,01132000
-321,00000817;10,07320000;10,96518000
-320,60000817;10,29466000;11,19894000
-320,20000816;10,24852000;11,70645000
-319,80000816;10,23622000;11,69414000
-319,40000815;10,23622000;11,14050000
-319,00000815;10,23622000;11,11897000
-318,60000814;10,23622000;11,57726000
-318,20000814;10,24852000;12,04478000
-317,80000813;10,29466000;12,50307000
-317,40000813;10,04860000;12,50307000
-317,00000812;9,49803200;12,04478000
-316,60000812;9,73179100;11,57726000
-316,20000811;10,74065000;11,11897000
-315,80000810;10,96518000;11,12820000
-315,40000810;10,36540000;11,63570000
-315,00000809;10,36540000;11,86946000
-314,60000809;10,96518000;11,82333000
-314,20000808;10,74065000;11,81102000
-313,80000808;9,73179100;11,81102000
-313,40000807;9,49803200;11,79872000
-313,00000807;10,04860000;11,75258000
-312,60000806;10,30696000;11,98634000
-312,20000806;10,30696000;12,49385000
-311,80000805;10,06090000;12,49385000
-311,40000805;9,55339400;11,98634000
-311,00000804;9,56569900;11,75258000
-310,60000804;10,11934000;11,79872000
-310,20000803;10,13164000;11,81102000
-309,80000802;9,62413800;11,81102000
-309,40000802;9,37807500;11,82333000
-309,00000801;9,37807500;11,86946000
-308,60000801;9,62413800;11,63570000
-308,20000800;10,13164000;11,12820000
-307,80000800;10,11934000;11,14050000
-307,40000799;9,56569900;11,69414000
-307,00000799;9,54416800;11,72798000
-306,60000798;10,00246000;11,31582000
-306,20000798;10,48228000;10,58994000
-305,80000797;10,98671000;9,53186400
-305,40000797;10,75295000;9,99938500
-305,00000796;9,78715500;11,97711000
-304,60000796;9,31963500;12,66609000
-304,20000795;9,36577200;12,02325000
-303,80000794;9,61183500;11,75258000
-303,40000794;10,07320000;11,79872000
-303,00000793;10,28236000;11,81102000
-302,60000793;10,19008000;11,81102000
-302,20000792;10,41154000;11,81102000
-301,80000792;10,91905000;11,81102000
-301,40000791;10,92827000;11,82333000
-301,00000791;10,46998000;11,86946000
-300,60000790;10,00246000;11,62340000
-300,20000790;9,54416800;11,07283000
-299,80000789;9,56569900;11,31582000
-299,40000789;10,11934000;12,37389000
-299,00000788;10,13164000;12,38619000
-298,60000788;9,62413800;11,37426000
-298,20000787;9,37807500;10,89444000
-297,80000786;9,37807500;10,94058000
-297,40000786;9,61183500;11,19894000
-297,00000785;10,07320000;11,70645000
-296,60000785;10,30696000;11,69414000
-296,20000784;10,30696000;11,14050000
-295,80000784;10,07320000;11,11897000
-295,40000783;9,61183500;11,57726000
-295,00000783;9,40268100;12,04478000
-294,60000782;9,49495500;12,50307000
-294,20000782;9,26119500;12,50307000
-293,80000781;8,71062900;12,04478000
-293,40000781;8,91978400;11,58957000
-293,00000780;9,83944300;11,17433000
-292,60000780;10,52842000;10,95288000
-292,20000779;10,94058000;10,95288000
-291,80000778;10,91905000;11,21124000
-291,40000778;10,41154000;11,76181000
-291,00000777;10,16548000;11,51882000
-290,60000777;10,16548000;10,46075000
-290,20000776;10,41154000;10,44845000
-289,80000776;10,91905000;11,46038000
-289,40000775;10,92827000;11,94021000
-289,00000775;10,46998000;11,89407000
-288,60000774;9,97785300;11,63570000
-288,20000774;9,42728800;11,12820000
-287,80000773;9,91633800;11,11897000
-287,40000773;11,48191000;11,57726000
-287,00000772;11,49422000;12,05709000
-286,60000771;9,97477800;12,56151000
-286,20000771;9,27349900;12,31545000
-285,80000770;9,41498500;11,30659000
-285,40000770;9,43651600;11,06053000
-285,00000769;9,39037900;11,56496000
-284,60000769;9,61183500;12,05709000
-284,20000768;10,07320000;12,56151000
-283,80000768;10,29466000;12,32775000
-283,40000767;10,24852000;11,36196000
-283,00000767;10,24852000;10,89444000
-282,60000766;10,29466000;10,94058000
-282,20000766;10,07320000;11,18664000
-281,80000765;9,61183500;11,64801000
-281,40000765;9,39037900;11,88177000
-281,00000764;9,43651600;11,88177000
-280,60000763;9,44881800;11,62340000
-280,20000763;9,44881800;11,07283000
-279,80000762;9,44881800;11,30659000
-279,40000762;9,44881800;12,31545000
-279,00000761;9,43651600;12,54921000
-278,60000761;9,39037900;11,99865000
-278,20000760;9,62413800;11,75258000
-277,80000760;10,13164000;11,79872000
-277,40000759;10,11934000;11,82333000
-277,00000759;9,56569900;11,86946000
-276,60000758;9,56569900;11,63570000
-276,20000758;10,11934000;11,12820000
-275,80000757;10,13164000;11,14050000
-275,40000757;9,62413800;11,69414000
-275,00000756;9,39037900;11,68184000
-274,60000755;9,43651600;11,08206000
-274,20000755;9,43651600;11,31582000
-273,80000754;9,39037900;12,37389000
-273,40000754;9,59953100;12,38619000
-273,00000753;10,01476000;11,37426000
-272,60000753;10,45768000;10,88521000
-272,20000752;10,87291000;10,88521000
-271,80000752;11,09436000;11,36196000
-271,40000751;11,09436000;12,32775000
-271,00000751;10,86060000;12,54921000
-270,60000750;10,39924000;11,99865000
-270,20000750;10,19008000;11,75258000
-269,80000749;10,28236000;11,79872000
-269,40000749;10,06090000;11,81102000
-269,00000748;9,55339400;11,81102000
-268,60000747;9,55339400;11,82333000
-268,20000747;10,06090000;11,86946000
-267,80000746;10,29466000;11,63570000
-267,40000746;10,24852000;11,12820000
-267,00000745;10,23622000;11,12820000
-266,60000745;10,23622000;11,63570000
-266,20000744;10,23622000;11,88177000
-265,80000744;10,23622000;11,88177000
-265,40000743;10,22392000;11,66031000
-265,00000743;10,17778000;11,24508000
-264,60000742;10,41154000;10,76525000
-264,20000742;10,91905000;10,21469000
-263,80000741;10,91905000;10,69451000
-263,40000741;10,41154000;12,21087000
-263,00000740;10,19008000;12,44464000
-262,60000739;10,28236000;11,38656000
-262,20000739;10,06090000;10,88521000
-261,80000738;9,55339400;10,88521000
-261,40000738;9,56569900;11,36196000
-261,00000737;10,11934000;12,32775000
-260,60000737;10,10704000;12,56151000
-260,20000736;9,50725700;12,05709000
-259,80000736;9,71948700;11,56496000
-259,40000735;10,68528000;11,06053000
-259,00000735;11,15280000;11,30659000
-258,60000734;11,10667000;12,31545000
-258,20000734;10,87291000;12,56151000
-257,80000733;10,45768000;12,05709000
-257,40000733;10,00246000;11,57726000
-257,00000732;9,54416800;11,11897000
-256,60000731;9,55339400;11,12820000
-256,20000731;10,06090000;11,63570000
-255,80000730;10,29466000;11,88177000
-255,40000730;10,24852000;11,88177000
-255,00000729;10,23622000;11,62340000
-254,60000729;10,23622000;11,07283000
-254,20000728;10,22392000;11,30659000
-253,80000728;10,17778000;12,31545000
-253,40000727;10,41154000;12,54921000
-253,00000727;10,91905000;11,99865000
-252,60000726;10,91905000;11,76489000
-252,20000726;10,41154000;11,85716000
-251,80000725;10,19008000;11,63570000
-251,40000725;10,28236000;11,12820000
-251,00000724;10,07320000;11,14050000
-250,60000723;9,61183500;11,69414000
-250,20000723;9,37807500;11,70645000
-249,80000722;9,37807500;11,19894000
-249,40000722;9,61183500;10,94058000
-249,00000721;10,07320000;10,89444000
-248,60000721;10,30696000;11,37426000
-248,20000720;10,30696000;12,38619000
-247,80000720;10,04860000;12,37389000
-247,40000719;9,49803200;11,31582000
-247,00000719;9,73179100;11,06053000
-246,60000718;10,74065000;11,56496000
-246,20000718;10,97441000;12,04478000
-245,80000717;10,42384000;12,50307000
-245,40000716;10,19008000;12,48154000
-245,00000716;10,28236000;11,92790000
-244,60000715;10,07320000;11,91560000
-244,20000715;9,61183500;12,42311000
-243,80000714;9,37807500;12,66917000
-243,40000714;9,37807500;12,66917000
-243,00000713;9,61183500;12,46924000
-242,60000713;10,07320000;12,14936000
-242,20000712;10,29466000;11,22662000
-241,80000712;10,24852000;9,75332200
-241,40000711;10,24852000;9,76562400
-241,00000711;10,29466000;11,28506000
-240,60000710;10,06090000;11,99557000
-240,20000710;9,55339400;11,90330000
-239,80000709;9,54416800;11,63570000
-239,40000708;10,00246000;11,12820000
-239,00000708;10,46998000;11,12820000
-238,60000707;10,92827000;11,63570000
-238,20000707;10,90674000;11,88177000
-237,80000706;10,35310000;11,88177000
-237,40000706;10,35310000;11,64801000
-237,00000705;10,90674000;11,18664000
-236,60000705;10,91905000;10,95288000
-236,20000704;10,41154000;10,95288000
-235,80000704;10,17778000;11,19894000
-235,40000703;10,22392000;11,70645000
-235,00000703;10,23622000;11,70645000
-234,60000702;10,23622000;11,19894000
-234,20000702;10,23622000;10,95288000
-233,80000701;10,23622000;10,95288000
-233,40000700;10,23622000;11,18664000
-233,00000700;10,23622000;11,64801000
-232,60000699;10,24852000;11,86946000
-232,20000699;10,29466000;11,82333000
-231,80000698;10,06090000;11,79872000
-231,40000698;9,55339400;11,75258000
-231,00000697;9,56569900;11,98634000
-230,60000697;10,11934000;12,49385000
-230,20000696;10,10704000;12,49385000
-229,80000696;9,50725700;11,98634000
-229,40000695;9,71948700;11,76489000
-229,00000695;10,68528000;11,85716000
-228,60000694;11,15280000;11,63570000
-228,20000694;11,10667000;11,12820000
-227,80000693;10,86060000;11,15280000
-227,40000692;10,39924000;11,75258000
-227,00000692;10,16548000;11,51882000
-226,60000691;10,16548000;10,46075000
-226,20000691;10,41154000;10,44845000
-225,80000690;10,91905000;11,46038000
-225,40000690;10,91905000;11,94021000
-225,00000689;10,41154000;11,89407000
-224,60000689;10,17778000;11,64801000
-224,20000688;10,22392000;11,18664000
-223,80000688;10,23622000;10,94058000
-223,40000687;10,23622000;10,89444000
-223,00000687;10,24852000;11,36196000
-222,60000686;10,29466000;12,32775000
-222,20000686;10,06090000;12,56151000
-221,80000685;9,55339400;12,05709000
-221,40000684;9,56569900;11,56496000
-221,00000684;10,11934000;11,06053000
-220,60000683;10,13164000;11,31582000
-220,20000683;9,62413800;12,37389000
-219,80000682;9,36577200;12,38619000
-219,40000682;9,31963500;11,37426000
-219,00000681;9,78715500;10,89444000
-218,60000681;10,75295000;10,94058000
-218,20000680;10,97441000;11,18664000
-217,80000680;10,42384000;11,64801000
-217,40000679;10,17778000;11,86946000
-217,00000679;10,22392000;11,82333000
-216,60000678;10,23622000;11,81102000
-216,20000678;10,23622000;11,81102000
-215,80000677;10,22392000;11,81102000
-215,40000676;10,17778000;11,81102000
-215,00000676;10,39924000;11,82333000
-214,60000675;10,86060000;11,86946000
-214,20000675;11,09436000;11,64801000
-213,80000674;11,09436000;11,18664000
-213,40000674;10,87291000;10,95288000
-213,00000673;10,45768000;10,95288000
-212,60000673;10,00246000;11,19894000
-212,20000672;9,54416800;11,70645000
-211,80000672;9,54416800;11,70645000
-211,40000671;10,00246000;11,19894000
-211,00000671;10,48228000;10,95288000
-210,60000670;10,98671000;10,95288000
-210,20000669;10,75295000;11,19894000
-209,80000669;9,78715500;11,70645000
-209,40000668;9,33193800;11,70645000
-209,00000668;9,42421200;11,19894000
-208,60000667;9,42421200;10,94058000
-208,20000667;9,33193800;10,89444000
-207,80000666;9,78715500;11,36196000
-207,40000666;10,75295000;12,32775000
-207,00000665;10,97441000;12,57382000
-206,60000665;10,42384000;12,11553000
-206,20000664;10,16548000;11,38964000
-205,80000664;10,16548000;10,37771000
-205,40000663;10,41154000;10,62377000
-205,00000663;10,91905000;12,14013000
-204,60000662;10,91905000;12,60765000
-204,20000661;10,41154000;12,01095000
-203,80000661;10,17778000;11,74028000
-203,40000660;10,22392000;11,74028000
-203,00000660;10,24852000;11,98634000
-202,60000659;10,29466000;12,49385000
-202,20000659;10,06090000;12,50307000
-201,80000658;9,55339400;12,04478000
-201,40000658;9,55339400;11,58957000
-201,00000657;10,06090000;11,17433000
-200,60000657;10,30696000;10,94058000
-200,20000656;10,30696000;10,89444000
-199,80000656;10,07320000;11,37426000
-199,40000655;9,61183500;12,38619000
-199,00000655;9,37807500;12,37389000
-198,60000654;9,37807500;11,31582000
-198,20000653;9,62413800;11,07283000
-197,80000653;10,13164000;11,62340000
-197,40000652;10,11934000;11,88177000
-197,00000652;9,56569900;11,88177000
-196,60000651;9,55339400;11,64801000
-196,20000651;10,06090000;11,18664000
-195,80000650;10,30696000;10,95288000
-195,40000650;10,30696000;10,95288000
-195,00000649;10,07320000;11,18664000
-194,60000649;9,61183500;11,64801000
-194,20000648;9,37807500;11,89407000
-193,80000648;9,37807500;11,94021000
-193,40000647;9,61183500;11,46038000
-193,00000647;10,07320000;10,44845000
-192,60000646;10,29466000;10,44845000
-192,20000645;10,24852000;11,46038000
-191,80000645;10,24852000;11,92790000
-191,40000644;10,29466000;11,83563000
-191,00000644;10,07320000;11,82333000
-190,60000643;9,61183500;11,86946000
-190,20000643;9,37807500;11,63570000
-189,80000642;9,37807500;11,12820000
-189,40000642;9,61183500;11,12820000
-189,00000641;10,07320000;11,63570000
-188,60000641;10,29466000;11,88177000
-188,20000640;10,24852000;11,88177000
-187,80000640;10,23622000;11,62340000
-187,40000639;10,23622000;11,07283000
-187,00000639;10,24852000;11,31582000
-186,60000638;10,29466000;12,37389000
-186,20000637;10,06090000;12,37389000
-185,80000637;9,55339400;11,31582000
-185,40000636;9,55339400;11,06053000
-185,00000636;10,06090000;11,56496000
-184,60000635;10,29466000;12,05709000
-184,20000635;10,24852000;12,56151000
-183,80000634;10,24852000;12,32775000
-183,40000634;10,29466000;11,36196000
-183,00000633;10,04860000;10,88521000
-182,60000633;9,49803200;10,88521000
-182,20000632;9,73179100;11,36196000
-181,80000632;10,74065000;12,32775000
-181,40000631;10,97441000;12,54921000
-181,00000631;10,42384000;11,99865000
-180,60000630;10,16548000;11,75258000
-180,20000629;10,16548000;11,79872000
-179,80000629;10,41154000;11,81102000
-179,40000628;10,91905000;11,81102000
-179,00000628;10,91905000;11,81102000
-178,60000627;10,41154000;11,81102000
-178,20000627;10,19008000;11,81102000
-177,80000626;10,28236000;11,81102000
-177,40000626;10,06090000;11,79872000
-177,00000625;9,55339400;11,75258000
-176,60000625;9,56569900;11,98634000
-176,20000624;10,11934000;12,49385000
-175,80000624;10,11934000;12,50307000
-175,40000623;9,56569900;12,04478000
-175,00000622;9,55339400;11,57726000
-174,60000622;10,06090000;11,11897000
-174,20000621;10,29466000;11,12820000
-173,80000621;10,24852000;11,63570000
-173,40000620;10,24852000;11,86946000
-173,00000620;10,29466000;11,82333000
-172,60000619;10,06090000;11,81102000
-172,20000619;9,55339400;11,81102000
-171,80000618;9,56569900;11,83563000
-171,40000618;10,11934000;11,92790000
-171,00000617;10,11934000;11,46038000
-170,60000617;9,56569900;10,44845000
-170,20000616;9,55339400;10,43615000
-169,80000616;10,06090000;11,40194000
-169,40000615;10,30696000;12,10322000
-169,00000614;10,30696000;12,51538000
-168,60000614;10,06090000;12,50307000
-168,20000613;9,55339400;12,04478000
-167,80000613;9,55339400;11,57726000
-167,40000612;10,06090000;11,11897000
-167,00000612;10,30696000;11,12820000
-166,60000611;10,30696000;11,63570000
-166,20000611;10,07320000;11,86946000
-165,80000610;9,61183500;11,82333000
-165,40000610;9,36577200;11,82333000
-165,00000609;9,31963500;11,86946000
-164,60000609;9,78715500;11,63570000
-164,20000608;10,75295000;11,12820000
-163,80000608;10,97441000;11,14050000
-163,40000607;10,42384000;11,69414000
-163,00000606;10,17778000;11,70645000
-162,60000606;10,22392000;11,19894000
-162,20000605;10,23622000;10,94058000
-161,80000605;10,23622000;10,89444000
-161,40000604;10,23622000;11,36196000
-161,00000604;10,23622000;12,32775000
-160,60000603;10,23622000;12,56151000
-160,20000603;10,23622000;12,05709000
-159,80000602;10,22392000;11,56496000
-159,40000602;10,17778000;11,06053000
-159,00000601;10,41154000;11,30659000
-158,60000601;10,91905000;12,31545000
-158,20000600;10,90674000;12,54921000
-157,80000600;10,35310000;11,99865000
-157,40000599;10,35310000;11,75258000
-157,00000598;10,90674000;11,79872000
-156,60000598;10,91905000;11,81102000
-156,20000597;10,41154000;11,81102000
-155,80000597;10,16548000;11,81102000
-155,40000596;10,16548000;11,81102000
-155,00000596;10,41154000;11,81102000
-154,60000595;10,91905000;11,81102000
-154,20000595;10,91905000;11,82333000
-153,80000594;10,41154000;11,86946000
-153,40000594;10,17778000;11,64801000
-153,00000593;10,22392000;11,18664000
-152,60000593;10,22392000;10,94058000
-152,20000592;10,17778000;10,89444000
-151,80000592;10,39924000;11,36196000
-151,40000591;10,86060000;12,32775000
-151,00000590;11,08206000;12,54921000
-150,60000590;11,03592000;11,99865000
-150,20000589;11,02362000;11,75258000
-149,80000589;11,02362000;11,79872000
-149,40000588;11,03592000;11,81102000
-149,00000588;11,08206000;11,81102000
-148,60000587;10,86060000;11,81102000
-148,20000587;10,39924000;11,81102000
-147,80000586;10,16548000;11,82333000
-147,40000586;10,16548000;11,86946000
-147,00000585;10,41154000;11,62340000
-146,60000585;10,91905000;11,07283000
-146,20000584;10,92827000;11,30659000
-145,80000584;10,46998000;12,31545000
-145,40000583;10,00246000;12,54921000
-145,00000582;9,54416800;11,99865000
-144,60000582;9,55339400;11,76489000
-144,20000581;10,06090000;11,85716000
-143,80000581;10,29466000;11,64801000
-143,40000580;10,24852000;11,18664000
-143,00000580;10,24852000;10,95288000
-142,60000579;10,29466000;10,95288000
-142,20000579;10,07320000;11,21124000
-141,80000578;9,61183500;11,76181000
-141,40000578;9,37807500;11,51882000
-141,00000577;9,37807500;10,46075000
-140,60000577;9,59953100;10,46998000
-140,20000576;10,01476000;11,57726000
-139,80000575;10,46998000;11,58649000
-139,40000575;10,92827000;10,52842000
-139,00000574;10,91905000;10,27313000
-138,60000574;10,41154000;10,77756000
-138,20000573;10,19008000;11,23277000
-137,80000573;10,28236000;11,60187000
-137,40000572;10,06090000;12,05709000
-137,00000572;9,55339400;12,56151000
-136,60000571;9,55339400;12,31545000
-136,20000571;10,06090000;11,30659000
-135,80000570;10,29466000;11,07283000
-135,40000570;10,24852000;11,62340000
-135,00000569;10,23622000;11,90330000
-134,60000569;10,23622000;11,99557000
-134,20000568;10,23622000;11,28506000
-133,80000567;10,23622000;9,76562400
-133,40000567;10,23622000;9,77792700
-133,00000566;10,23622000;11,34350000
-132,60000566;10,23622000;11,82025000
-132,20000565;10,23622000;11,22355000
-131,80000565;10,23622000;10,95288000
-131,40000564;10,23622000;10,95288000
-131,00000564;10,22392000;11,19894000
-130,60000563;10,17778000;11,70645000
-130,20000563;10,39924000;11,70645000
-129,80000562;10,86060000;11,19894000
-129,40000562;11,09436000;10,94058000
-129,00000561;11,09436000;10,89444000
-128,60000561;10,87291000;11,35273000
-128,20000560;10,45768000;12,26932000
-127,80000559;10,00246000;12,72761000
-127,40000559;9,54416800;12,68147000
-127,00000558;9,56569900;12,44771000
-126,60000558;10,11934000;12,03248000
-126,20000557;10,10704000;11,57726000
-125,80000557;9,50725700;11,11897000
-125,40000556;9,74101800;11,12820000
-125,00000556;10,79909000;11,63570000
-124,60000555;10,79909000;11,88177000
-124,20000555;9,74101800;11,88177000
-123,80000554;9,50725700;11,62340000
-123,40000554;10,10704000;11,07283000
-123,00000553;10,11934000;11,30659000
-122,60000553;9,56569900;12,31545000
-122,20000552;9,56569900;12,54921000
-121,80000551;10,11934000;11,99865000
-121,40000551;10,11934000;11,74028000
-121,00000550;9,56569900;11,74028000
-120,60000550;9,56569900;11,98634000
-120,20000549;10,11934000;12,49385000
-119,80000549;10,11934000;12,51538000
-119,40000548;9,56569900;12,10322000
-119,00000548;9,54416800;11,38964000
-118,60000547;10,00246000;10,37771000
-118,20000547;10,46998000;10,62377000
-117,80000546;10,92827000;12,14013000
-117,40000546;10,91905000;12,61996000
-117,00000545;10,41154000;12,06939000
-116,60000545;10,17778000;11,57726000
-116,20000544;10,22392000;11,11897000
-115,80000543;10,23622000;11,12820000
-115,40000543;10,23622000;11,63570000
-115,00000542;10,22392000;11,86946000
-114,60000542;10,17778000;11,82333000
-114,20000541;10,42384000;11,81102000
-113,80000541;10,97441000;11,81102000
-113,40000540;10,73142000;11,79872000
-113,00000540;9,67335100;11,75258000
-112,60000539;9,67335100;11,97404000
-112,20000539;10,73142000;12,43541000
-111,80000538;10,97441000;12,69070000
-111,40000538;10,42384000;12,78297000
-111,00000537;10,19008000;12,08169000
-110,60000537;10,28236000;10,61147000
-110,20000536;10,06090000;10,40231000
-109,80000535;9,55339400;11,50652000
-109,40000535;9,55339400;11,76181000
-109,00000534;10,06090000;11,21124000
-108,60000534;10,29466000;10,95288000
-108,20000533;10,24852000;10,95288000
-107,80000533;10,23622000;11,18664000
-107,40000532;10,23622000;11,64801000
-107,00000532;10,22392000;11,89407000
-106,60000531;10,17778000;11,94021000
-106,20000531;10,39924000;11,46038000
-105,80000530;10,86060000;10,44845000
-105,40000530;11,09436000;10,46075000
-105,00000529;11,09436000;11,51882000
-104,60000529;10,86060000;11,76181000
-104,20000528;10,39924000;11,21124000
-103,80000527;10,16548000;10,96518000
-103,40000527;10,16548000;11,01132000
-103,00000526;10,42384000;11,01132000
-102,60000526;10,97441000;10,96518000
-102,20000525;10,75295000;11,19894000
-101,80000525;9,78715500;11,70645000
-101,40000524;9,31963500;11,70645000
-101,00000524;9,36577200;11,19894000
-100,60000523;9,62413800;10,94058000
-100,20000523;10,13164000;10,89444000
-99,80000522;10,11934000;11,35273000
-99,40000522;9,56569900;12,26932000
-99,00000521;9,56569900;12,72761000
-98,60000520;10,11934000;12,68147000
-98,20000520;10,11934000;12,43541000
-97,80000519;9,56569900;11,97404000
-97,40000519;9,55339400;11,74028000
-97,00000518;10,06090000;11,74028000
-96,60000518;10,29466000;11,99865000
-96,20000517;10,24852000;12,54921000
-95,80000517;10,23622000;12,32775000
-95,40000516;10,23622000;11,36196000
-95,00000516;10,23622000;10,88521000
-94,60000515;10,23622000;10,88521000
-94,20000515;10,23622000;11,37426000
-93,80000514;10,23622000;12,38619000
-93,40000514;10,24852000;12,38619000
-93,00000513;10,29466000;11,37426000
-92,60000512;10,06090000;10,89444000
-92,20000512;9,55339400;10,94058000
-91,80000511;9,55339400;11,19894000
-91,40000511;10,06090000;11,70645000
-91,00000510;10,29466000;11,69414000
-90,60000510;10,24852000;11,14050000
-90,20000509;10,23622000;11,14050000
-89,80000509;10,23622000;11,69414000
-89,40000508;10,26083000;11,69414000
-89,00000508;10,35310000;11,14050000
-88,60000507;9,88558000;11,14050000
-88,20000507;8,87364700;11,69414000
-87,80000506;8,86134200;11,68184000
-87,40000506;9,82714000;11,08206000
-87,00000505;10,54072000;11,31582000
-86,60000504;10,99901000;12,37389000
-86,20000504;10,74065000;12,39850000
-85,80000503;9,73179100;11,43270000
-85,40000503;9,49803200;10,71912000
-85,00000502;10,04860000;10,26083000
-84,60000502;10,29466000;10,50689000
-84,20000501;10,24852000;11,47269000
-83,80000501;10,24852000;11,94021000
-83,40000500;10,29466000;11,89407000
-83,00000500;10,08551000;11,63570000
-82,60000499;9,67027500;11,12820000
-82,20000499;9,19045200;11,12820000
-81,80000498;8,63988700;11,63570000
-81,40000498;9,10740600;11,88177000
-81,00000497;10,57763000;11,88177000
-80,60000496;11,04515000;11,63570000
-80,20000496;10,49459000;11,12820000
-79,80000495;10,01476000;11,12820000
-79,40000495;9,59953100;11,63570000
-79,00000494;9,39037900;11,86946000
-78,60000494;9,43651600;11,82333000
-78,20000493;9,43651600;11,82333000
-77,80000493;9,39037900;11,86946000
-77,40000492;9,61183500;11,62340000
-77,00000492;10,07320000;11,07283000
-76,60000491;10,30696000;11,31582000
-76,20000491;10,30696000;12,37389000
-75,80000490;10,04860000;12,38619000
-75,40000490;9,49803200;11,37426000
-75,00000489;9,74101800;10,88521000
-74,60000488;10,79909000;10,88521000
-74,20000488;10,79909000;11,36196000
-73,80000487;9,74101800;12,32775000
-73,40000487;9,49803200;12,54921000
-73,00000486;10,04860000;11,99865000
-72,60000486;10,29466000;11,74028000
-72,20000485;10,24852000;11,74028000
-71,80000485;10,22392000;11,98634000
-71,40000484;10,17778000;12,49385000
-71,00000484;10,42384000;12,50307000
-70,60000483;10,97441000;12,04478000
-70,20000483;10,74065000;11,57726000
-69,80000482;9,73179100;11,11897000
-69,40000482;9,49803200;11,14050000
-69,00000481;10,04860000;11,69414000
-68,60000480;10,29466000;11,70645000
-68,20000480;10,24852000;11,19894000
-67,80000479;10,22392000;10,96518000
-67,40000479;10,17778000;11,01132000
-67,00000478;10,39924000;11,01132000
-66,60000478;10,86060000;10,96518000
-66,20000477;11,09436000;11,19894000
-65,80000477;11,09436000;11,70645000
-65,40000476;10,86060000;11,70645000
-65,00000476;10,39924000;11,19894000
-64,60000475;10,17778000;10,94058000
-64,20000475;10,22392000;10,89444000
-63,80000474;10,23622000;11,36196000
-63,40000473;10,23622000;12,32775000
-63,00000473;10,23622000;12,56151000
-62,60000472;10,23622000;12,05709000
-62,20000472;10,21161000;11,56496000
-61,80000471;10,11934000;11,06053000
-61,40000471;10,58686000;11,30659000
-61,00000470;11,59879000;12,31545000
-60,60000470;11,58649000;12,56151000
-60,20000469;10,52842000;12,05709000
-59,80000469;10,30696000;11,57726000
-59,40000468;10,95288000;11,11897000
-59,00000468;10,74065000;11,11897000
-58,60000467;9,73179100;11,57726000
-58,20000467;9,49803200;12,04478000
-57,80000466;10,04860000;12,50307000
-57,40000465;10,29466000;12,49385000
-57,00000465;10,24852000;11,98634000
-56,60000464;10,24852000;11,75258000
-56,20000464;10,29466000;11,79872000
-55,80000463;10,06090000;11,82333000
-55,40000463;9,55339400;11,86946000
-55,00000462;9,56569900;11,63570000
-54,60000462;10,11934000;11,12820000
-54,20000461;10,11934000;11,11897000
-53,80000461;9,56569900;11,57726000
-53,40000460;9,55339400;12,05709000
-53,00000460;10,06090000;12,56151000
-52,60000459;10,29466000;12,31545000
-52,20000459;10,24852000;11,30659000
-51,80000458;10,23622000;11,07283000
-51,40000457;10,23622000;11,62340000
-51,00000457;10,23622000;11,86946000
-50,60000456;10,23622000;11,82333000
-50,20000456;10,23622000;11,82333000
-49,80000455;10,23622000;11,86946000
-49,40000455;10,23622000;11,64801000
-49,00000454;10,23622000;11,18664000
-48,60000454;10,22392000;10,95288000
-48,20000453;10,17778000;10,95288000
-47,80000453;10,39924000;11,19894000
-47,40000452;10,86060000;11,70645000
-47,00000452;11,09436000;11,70645000
-46,60000451;11,09436000;11,19894000
-46,20000451;10,86060000;10,93135000
-45,80000450;10,39924000;10,83907000
-45,40000449;10,16548000;11,54958000
-45,00000449;10,16548000;13,06902000
-44,60000448;10,39924000;13,05672000
-44,20000448;10,86060000;11,49114000
-43,80000447;11,09436000;11,00209000
-43,40000447;11,09436000;11,55266000
-43,00000446;10,84830000;12,05709000
-42,60000446;10,34080000;12,56151000
-42,20000445;10,35310000;12,31545000
-41,80000445;10,90674000;11,30659000
-41,40000444;10,91905000;11,07283000
-41,00000444;10,41154000;11,62340000
-40,60000443;10,17778000;11,85716000
-40,20000443;10,22392000;11,76489000
-39,80000442;10,24852000;11,98634000
-39,40000441;10,29466000;12,49385000
-39,00000441;10,07320000;12,48154000
-38,60000440;9,61183500;11,92790000
-38,20000440;9,37807500;11,91560000
-37,80000439;9,37807500;12,42311000
-37,40000439;9,59953100;12,66917000
-37,00000438;10,01476000;12,66917000
-36,60000438;10,45768000;12,43541000
-36,20000437;10,87291000;11,97404000
-35,80000437;11,09436000;11,75258000
-35,40000436;11,09436000;11,79872000
-35,00000436;10,87291000;11,83563000
-34,60000435;10,45768000;11,92790000
-34,20000435;10,01476000;11,46038000
-33,80000434;9,59953100;10,44845000
-33,40000433;9,39037900;10,44845000
-33,00000433;9,43651600;11,46038000
-32,60000432;9,44881800;11,94021000
-32,20000432;9,44881800;11,89407000
-31,80000431;9,42421200;11,62340000
-31,40000431;9,33193800;11,07283000
-31,00000430;9,78715500;11,29429000
-30,60000430;10,75295000;12,26009000
-30,20000429;10,97441000;12,73683000
-29,80000429;10,42384000;12,73683000
-29,40000428;10,17778000;12,26932000
-29,00000428;10,22392000;11,35273000
-28,60000427;10,23622000;10,89444000
-28,20000426;10,23622000;10,94058000
-27,80000426;10,23622000;11,18664000
-27,40000425;10,23622000;11,64801000
-27,00000425;10,23622000;11,88177000
-26,60000424;10,23622000;11,88177000
-26,20000424;10,23622000;11,62340000
-25,80000423;10,23622000;11,07283000
-25,40000423;10,23622000;11,30659000
-25,00000422;10,23622000;12,31545000
-24,60000422;10,22392000;12,56151000
-24,20000421;10,17778000;12,05709000
-23,80000421;10,41154000;11,56496000
-23,40000420;10,91905000;11,06053000
-23,00000420;10,91905000;11,30659000
-22,60000419;10,41154000;12,31545000
-22,20000418;10,16548000;12,53998000
-21,80000418;10,16548000;11,94021000
-21,40000417;10,41154000;11,92790000
-21,00000417;10,91905000;12,48154000
-20,60000416;10,91905000;12,49385000
-20,20000416;10,41154000;11,98634000
-19,80000415;10,17778000;11,76489000
-19,40000415;10,22392000;11,85716000
-19,00000414;10,24852000;11,63570000
-18,60000414;10,29466000;11,12820000
-18,20000413;10,07320000;11,12820000
-17,80000413;9,61183500;11,63570000
-17,40000412;9,37807500;11,88177000
-17,00000412;9,37807500;11,88177000
-16,60000411;9,59953100;11,64801000
-16,20000410;10,01476000;11,18664000
-15,80000410;10,48228000;10,95288000
-15,40000409;10,98671000;10,95288000
-15,00000409;10,75295000;11,18664000
-14,60000408;9,78715500;11,64801000
-14,20000408;9,31963500;11,86946000
-13,80000407;9,36577200;11,82333000
-13,40000407;9,61183500;11,81102000
-13,00000406;10,07320000;11,81102000
-12,60000406;10,28236000;11,82333000
-12,20000405;10,19008000;11,86946000
-11,80000405;10,41154000;11,63570000
-11,40000404;10,91905000;11,12820000
-11,00000404;10,90674000;11,14050000
-10,60000403;10,35310000;11,69414000
-10,20000402;10,35310000;11,69414000
-9,80000402;10,90674000;11,14050000
-9,40000401;10,90674000;11,14050000
-9,00000401;10,35310000;11,69414000
-8,60000400;10,35310000;11,70645000
-8,20000400;10,90674000;11,19894000
-7,80000399;10,91905000;10,95288000
-7,40000399;10,41154000;10,95288000
-7,00000398;10,17778000;11,18664000
-6,60000398;10,22392000;11,64801000
-6,20000397;10,23622000;11,88177000
-5,80000397;10,23622000;11,88177000
-5,40000396;10,24852000;11,63570000
-5,00000396;10,29466000;11,12820000
-4,60000395;10,03629000;11,11897000
-4,20000394;9,43959000;11,57726000
-3,80000394;9,67027500;11,98634000
-3,40000393;10,26083000;12,21395000
-3,00000393;14,93602000;13,21973000
-2,60000392;23,06841000;14,64075000
-2,20000392;26,87623000;17,24594000
-1,80000391;25,43984000;20,54934000
-1,40000391;27,92815000;23,16683000
-1,00000390;33,16006000;24,63398000
-0,60000390;39,56385000;25,39370000
-0,20000389;46,17372000;25,07074000
0,19999611;50,16917000;25,66437000
0,59999612;50,52903000;26,95005000
0,99999612;52,32837000;28,07271000
1,39999613;54,89973000;28,90010000
1,79999614;56,44070000;29,08464000
2,19999614;56,71444000;28,53408000
2,59999615;56,44685000;28,31262000
2,99999615;55,57332000;28,45103000
3,39999616;54,70903000;28,04195000
3,79999616;54,02312000;27,21457000
4,19999617;52,99274000;26,35027000
4,59999617;51,94082000;25,61823000
4,99999618;50,23376000;24,76316000
5,39999618;48,26218000;23,98499000
5,79999619;46,34596000;23,36675000
6,19999619;44,92495000;23,08994000
6,59999620;43,23019000;22,45940000
6,99999621;41,67076000;21,63509000
7,39999621;40,41892000;20,97995000
7,79999622;39,82529000;20,61393000
8,19999622;38,76107000;20,43861000
8,59999623;37,47539000;20,57702000
8,99999623;36,79872000;20,15563000
9,39999624;36,79872000;19,28211000
9,79999624;37,53383000;18,60544000
10,19999625;39,05327000;18,19328000
10,59999625;39,06557000;18,23942000
10,99999626;37,59227000;18,83920000
11,39999626;36,68184000;18,61466000
11,79999627;36,40809000;17,60581000
12,19999627;36,03284000;17,39358000
12,59999628;35,75910000;18,03949000
12,99999629;34,88250000;17,82726000
13,39999629;33,55069000;16,81841000
13,79999630;32,92015000;16,60617000
14,19999630;33,15083000;17,25209000
14,59999631;32,75406000;17,06447000
14,99999631;31,88053000;16,14481000
15,39999632;31,24077000;15,46813000
15,79999632;30,96395000;15,10212000
16,19999633;30,34572000;14,88989000
16,59999633;29,56754000;14,88989000
16,99999634;28,70017000;15,14825000
17,39999634;27,92200000;15,69882000
17,79999635;27,30376000;15,45583000
18,19999635;27,02694000;14,39776000
18,59999636;26,38718000;14,41929000
18,99999637;25,51365000;15,56963000
19,39999637;25,10458000;15,36048000
19,79999638;25,28912000;13,84412000
20,19999638;24,86774000;13,36430000
20,59999639;23,95115000;13,91486000
20,99999639;23,52977000;14,40699000
21,39999640;23,71432000;14,86528000
21,79999640;23,29294000;14,86528000
22,19999641;22,37635000;14,40699000
22,59999641;21,94267000;13,93947000
22,99999642;22,08108000;13,48118000
23,39999642;21,88423000;13,50271000
23,79999643;21,42286000;14,05635000
24,19999643;21,22601000;14,07788000
24,59999644;21,36442000;13,61959000
24,99999645;20,93073000;13,15207000
25,39999645;20,01415000;12,69377000
25,79999646;19,58046000;12,69377000
26,19999646;19,71887000;13,15207000
26,59999647;19,53432000;13,64419000
26,99999647;19,11909000;14,19476000
27,39999648;18,66388000;13,71493000
27,79999648;18,20558000;12,19857000
28,19999649;18,23942000;11,97711000
28,59999649;18,83920000;13,08132000
28,99999650;18,62697000;13,32739000
29,39999650;17,66117000;12,72761000
29,79999651;17,20595000;12,70300000
30,19999651;17,29823000;13,21051000
30,59999652;17,33514000;13,44427000
30,99999653;17,38127000;13,39813000
31,39999653;17,15982000;13,39813000
31,79999654;16,69845000;13,44427000
32,19999654;16,48929000;13,22281000
32,59999655;16,58157000;12,76144000
32,99999655;16,36011000;12,53998000
33,39999656;15,85261000;12,58612000
33,79999656;15,86491000;12,59842000
34,19999657;16,41855000;12,59842000
34,59999657;16,41855000;12,61073000
34,99999658;15,86491000;12,65686000
35,39999658;15,86491000;12,43541000
35,79999659;16,41855000;11,97404000
36,19999659;16,43085000;11,75258000
36,59999660;15,92335000;11,79872000
36,99999661;15,71420000;11,81102000
37,39999661;15,85261000;11,81102000
37,79999662;15,40969000;11,79872000
38,19999662;14,44390000;11,75258000
38,59999663;14,23167000;11,97404000
38,99999663;14,83145000;12,43541000
39,39999664;14,85605000;12,68147000
39,79999664;14,34855000;12,72761000
40,19999665;14,11479000;12,26932000
40,59999665;14,16092000;11,35273000
40,99999666;14,17323000;10,88521000
41,39999666;14,17323000;10,88521000
41,79999667;14,17323000;11,36196000
42,19999667;14,17323000;12,32775000
42,59999668;14,17323000;12,54921000
42,99999669;14,17323000;11,99865000
43,39999669;14,17323000;11,74028000
43,79999670;14,17323000;11,74028000
44,19999670;14,18553000;11,98634000
44,59999671;14,23167000;12,49385000
44,99999671;14,01021000;12,49385000
45,39999672;13,54884000;11,98634000
45,79999672;13,32739000;11,74028000
46,19999673;13,37352000;11,74028000
46,59999673;13,38583000;11,98634000
46,99999674;13,38583000;12,49385000
47,39999674;13,37352000;12,49385000
47,79999675;13,32739000;11,98634000
48,19999676;13,57345000;11,74028000
48,59999676;14,12401000;11,74028000
48,99999677;13,89025000;11,98634000
49,39999677;12,88140000;12,49385000
49,79999678;12,64764000;12,49385000
50,19999678;13,19820000;11,98634000
50,59999679;13,45657000;11,75258000
50,99999679;13,45657000;11,79872000
51,39999680;13,22281000;11,81102000
51,79999680;12,76144000;11,81102000
52,19999681;12,52768000;11,81102000
52,59999681;12,52768000;11,81102000
52,99999682;12,76144000;11,81102000
53,39999682;13,22281000;11,81102000
53,79999683;13,44427000;11,81102000
54,19999684;13,39813000;11,81102000
54,59999684;13,39813000;11,83563000
54,99999685;13,44427000;11,92790000
55,39999685;13,22281000;11,46038000
55,79999686;12,76144000;10,44845000
56,19999686;12,55229000;10,44845000
56,59999687;12,64456000;11,46038000
56,99999687;12,42311000;11,94021000
57,39999688;11,91560000;11,89407000
57,79999688;11,91560000;11,63570000
58,19999689;12,42311000;11,12820000
58,59999689;12,68147000;11,14050000
58,99999690;12,72761000;11,69414000
59,39999690;12,24778000;11,70645000
59,79999691;11,23585000;11,19894000
60,19999692;11,22355000;10,97748000
60,59999692;12,18934000;11,06976000
60,99999693;12,91523000;10,84830000
61,39999693;13,41966000;10,34080000
61,79999694;12,92753000;10,33157000
62,19999694;11,41117000;10,78986000
62,59999695;11,20202000;11,25738000
62,99999695;12,35236000;11,71567000
63,39999696;12,36466000;11,69414000
63,79999696;11,25738000;11,14050000
64,19999697;11,23585000;11,12820000
64,59999697;12,24778000;11,63570000
64,99999698;12,71530000;11,88177000
65,39999698;12,62303000;11,88177000
65,79999699;12,61073000;11,63570000
66,19999700;12,65686000;11,12820000
66,59999700;12,44771000;11,12820000
66,99999701;12,03248000;11,63570000
67,39999701;11,56496000;11,88177000
67,79999702;11,06053000;11,88177000
68,19999702;11,30659000;11,64801000
68,59999703;12,31545000;11,18664000
68,99999703;12,54921000;10,95288000
69,39999704;11,99865000;10,95288000
69,79999704;11,74028000;11,19894000
70,19999705;11,74028000;11,70645000
70,59999705;11,99865000;11,70645000
70,99999706;12,54921000;11,19894000
71,39999706;12,30622000;10,95288000
71,79999707;11,24815000;10,95288000
72,19999708;11,24815000;11,19894000
72,59999708;12,30622000;11,70645000
72,99999709;12,56151000;11,70645000
73,39999709;12,05709000;11,19894000
73,79999710;11,58957000;10,95288000
74,19999710;11,17433000;10,95288000
74,59999711;10,95288000;11,19894000
74,99999711;10,95288000;11,70645000
75,39999712;11,19894000;11,70645000
75,79999712;11,70645000;11,19894000
76,19999713;11,69414000;10,96518000
76,59999713;11,14050000;11,01132000
76,99999714;11,14050000;11,02362000
77,39999714;11,69414000;11,02362000
77,79999715;11,69414000;11,02362000
78,19999716;11,14050000;11,02362000
78,59999716;11,14050000;11,03592000
78,99999717;11,69414000;11,08206000
79,39999717;11,70645000;10,84830000
79,79999718;11,19894000;10,34080000
80,19999718;10,96518000;10,35310000
80,59999719;11,01132000;10,90674000
80,99999719;11,02362000;10,90674000
81,39999720;11,02362000;10,35310000
81,79999720;11,01132000;10,33157000
82,19999721;10,96518000;10,78986000
82,59999721;11,18664000;11,25738000
82,99999722;11,64801000;11,71567000
83,39999723;11,86946000;11,70645000
83,79999723;11,82333000;11,19894000
84,19999724;11,82333000;10,96518000
84,59999724;11,86946000;11,01132000
84,99999725;11,63570000;11,02362000
85,39999725;11,12820000;11,02362000
85,79999726;11,15280000;11,02362000
86,19999726;11,75258000;11,02362000
86,59999727;11,51882000;11,03592000
86,99999727;10,46075000;11,08206000
87,39999728;10,46075000;10,84830000
87,79999728;11,51882000;10,34080000
88,19999729;11,76181000;10,34080000
88,59999729;11,21124000;10,84830000
88,99999730;10,97748000;11,08206000
89,39999731;11,06976000;11,03592000
89,79999731;10,86060000;11,01132000
90,19999732;10,39924000;10,96518000
90,59999732;10,15317000;11,21124000
90,99999733;10,10704000;11,76181000
91,39999733;10,58686000;11,52805000
91,79999734;11,59879000;10,51919000
92,19999734;11,58649000;10,27313000
92,59999735;10,52842000;10,77756000
92,99999735;10,29466000;11,26968000
93,39999736;10,89444000;11,77411000
93,79999736;10,90674000;11,52805000
94,19999737;10,35310000;10,51919000
94,59999737;10,34080000;10,27313000
94,99999738;10,84830000;10,77756000
95,39999739;11,08206000;11,26968000
95,79999739;11,03592000;11,77411000
96,19999740;11,02362000;11,52805000
96,59999740;11,02362000;10,51919000
96,99999741;11,02362000;10,29466000
97,39999741;11,02362000;10,89444000
97,79999742;11,02362000;10,90674000
98,19999742;11,02362000;10,35310000
98,59999743;11,02362000;10,34080000
98,99999743;11,02362000;10,84830000
99,39999744;11,02362000;11,08206000
99,79999744;11,02362000;11,03592000
100,19999745;11,02362000;11,01132000
100,59999745;11,02362000;10,96518000
100,99999746;11,02362000;11,21124000
101,39999747;11,02362000;11,76181000
101,79999747;11,01132000;11,52805000
102,19999748;10,96518000;10,51919000
102,59999748;11,21124000;10,27313000
102,99999749;11,76181000;10,77756000
103,39999749;11,54035000;11,25738000
103,79999750;10,57456000;11,71567000
104,19999750;10,09781000;11,70645000
104,59999751;10,09781000;11,19894000
104,99999751;10,57456000;10,96518000
105,39999752;11,54035000;11,01132000
105,79999752;11,77411000;11,02362000
106,19999753;11,26968000;11,02362000
106,59999753;10,80217000;11,02362000
106,99999754;10,38693000;11,02362000
107,39999755;10,16548000;11,02362000
107,79999755;10,16548000;11,02362000
108,19999756;10,39924000;11,02362000
108,59999756;10,86060000;11,02362000
108,99999757;11,08206000;11,02362000
109,39999757;11,03592000;11,02362000
109,79999758;11,03592000;11,03592000
110,19999758;11,08206000;11,08206000
110,59999759;10,87291000;10,86060000
110,99999759;10,45768000;10,39924000
111,39999760;9,99015700;10,16548000
111,79999760;9,48572700;10,16548000
112,19999761;9,71948700;10,39924000
112,59999761;10,68528000;10,86060000
112,99999762;11,14050000;11,08206000
113,39999763;11,04823000;11,03592000
113,79999763;11,03592000;11,04823000
114,19999764;11,08206000;11,14050000
114,59999764;10,86060000;10,68528000
114,99999765;10,39924000;9,71948700
115,39999765;10,16548000;9,48572700
115,79999766;10,16548000;9,99015700
116,19999766;10,41154000;10,45768000
116,59999767;10,91905000;10,87291000
116,99999767;10,91905000;11,08206000
117,39999768;10,41154000;11,03592000
117,79999768;10,17778000;11,01132000
118,19999769;10,22392000;10,96518000
118,59999770;10,22392000;11,19894000
118,99999770;10,17778000;11,70645000
119,39999771;10,39924000;11,71567000
119,79999771;10,86060000;11,25738000
120,19999772;11,09436000;10,78986000
120,59999772;11,09436000;10,33157000
120,99999773;10,86060000;10,33157000
121,39999773;10,39924000;10,78986000
121,79999774;10,17778000;11,26968000
122,19999774;10,22392000;11,77411000
122,59999775;10,23622000;11,52805000
122,99999775;10,23622000;10,51919000
123,39999776;10,22392000;10,28543000
123,79999776;10,17778000;10,83600000
124,19999777;10,41154000;11,09436000
124,59999778;10,91905000;11,09436000
124,99999778;10,90674000;10,83600000
125,39999779;10,35310000;10,28543000
125,79999779;10,35310000;10,50689000
126,19999780;10,90674000;11,47269000
126,59999780;10,91905000;11,94021000
126,99999781;10,41154000;11,89407000
127,39999781;10,16548000;11,64801000
127,79999782;10,16548000;11,18664000
128,19999782;10,39924000;10,96518000
128,59999783;10,86060000;11,01132000
128,99999783;11,09436000;11,02362000
129,39999784;11,09436000;11,02362000
129,79999784;10,84830000;11,02362000
130,19999785;10,34080000;11,02362000
130,59999786;10,35310000;11,02362000
130,99999786;10,90674000;11,02362000
131,39999787;10,90674000;11,02362000
131,79999787;10,35310000;11,02362000
132,19999788;10,34080000;11,03592000
132,59999788;10,84830000;11,08206000
132,99999789;11,10667000;10,86060000
133,39999789;11,15280000;10,39924000
133,79999790;10,68528000;10,15317000
134,19999790;9,71948700;10,10704000
134,59999791;9,49803200;10,58686000
134,99999791;10,04860000;11,59879000
135,39999792;10,29466000;11,57726000
135,79999792;10,24852000;10,46998000
136,19999793;10,24852000;10,46998000
136,59999794;10,29466000;11,57726000
136,99999794;10,06090000;11,59879000
137,39999795;9,55339400;10,58686000
137,79999795;9,55339400;10,10704000
138,19999796;10,06090000;10,15317000
138,59999796;10,28236000;10,39924000
138,99999797;10,19008000;10,86060000
139,39999797;10,39924000;11,08206000
139,79999798;10,86060000;11,03592000
140,19999798;11,08206000;11,03592000
140,59999799;11,03592000;11,08206000
140,99999799;11,04823000;10,83600000
141,39999800;11,14050000;10,28543000
141,79999800;10,68528000;10,51919000
142,19999801;9,71948700;11,52805000
142,59999802;9,48572700;11,78642000
142,99999802;9,99015700;11,32813000
143,39999803;10,48228000;10,61454000
143,79999803;10,98671000;9,64874500
144,19999804;10,74065000;9,64874500
144,59999804;9,73179100;10,61454000
144,99999805;9,49803200;11,32813000
145,39999805;10,04860000;11,78642000
145,79999806;10,30696000;11,52805000
146,19999806;10,30696000;10,51919000
146,59999807;10,07320000;10,27313000
146,99999807;9,61183500;10,77756000
147,39999808;9,37807500;11,25738000
147,79999808;9,37807500;11,71567000
148,19999809;9,62413800;11,71567000
148,59999810;10,13164000;11,25738000
148,99999810;10,11934000;10,78986000
149,39999811;9,56569900;10,33157000
149,79999811;9,55339400;10,34080000
150,19999812;10,06090000;10,84830000
150,59999812;10,28236000;11,08206000
150,99999813;10,19008000;11,03592000
151,39999813;10,41154000;11,01132000
151,79999814;10,91905000;10,96518000
152,19999814;10,92827000;11,21124000
152,59999815;10,46998000;11,76181000
152,99999815;10,00246000;11,52805000
153,39999816;9,54416800;10,51919000
153,79999816;9,56569900;10,28543000
154,19999817;10,11934000;10,83600000
154,59999818;10,11934000;11,09436000
154,99999818;9,56569900;11,09436000
155,39999819;9,53186400;10,83600000
155,79999819;9,94402000;10,28543000
156,19999820;10,65760000;10,50689000
156,59999820;11,66954000;11,47269000
156,99999821;11,41117000;11,94021000
157,39999821;9,84867000;11,89407000
157,79999822;9,62721400;11,64801000
158,19999822;10,77756000;11,18664000
158,59999823;10,78986000;10,97748000
158,99999823;9,68257800;11,06976000
159,39999824;9,67335100;10,84830000
159,79999825;10,73142000;10,34080000
160,19999825;10,97441000;10,34080000
160,59999826;10,42384000;10,84830000
160,99999826;10,17778000;11,08206000
161,39999827;10,22392000;11,03592000
161,79999827;10,26083000;11,02362000
162,19999828;10,35310000;11,02362000
162,59999828;9,89788300;11,01132000
162,99999829;8,93208600;10,96518000
163,39999829;8,69832600;11,19894000
163,79999830;9,20275500;11,70645000
164,19999830;9,67027500;11,69414000
164,59999831;10,08551000;11,14050000
164,99999831;10,29466000;11,14050000
165,39999832;10,24852000;11,69414000
165,79999833;10,24852000;11,72798000
166,19999833;10,29466000;11,31582000
166,59999834;10,06090000;10,60224000
166,99999834;9,55339400;9,59030400
167,39999835;9,55339400;9,83636800
167,79999835;10,06090000;11,35273000
168,19999836;10,28236000;11,83255000
168,59999836;10,19008000;11,28199000
168,99999837;10,41154000;10,80217000
169,39999837;10,91905000;10,38693000
169,79999838;10,91905000;10,16548000
170,19999838;10,41154000;10,16548000
170,59999839;10,19008000;10,39924000
170,99999839;10,28236000;10,86060000
171,39999840;10,06090000;11,09436000
171,79999841;9,55339400;11,09436000
172,19999841;9,56569900;10,83600000
172,59999842;10,11934000;10,28543000
172,99999842;10,11934000;10,51919000
173,39999843;9,56569900;11,52805000
173,79999843;9,55339400;11,76181000
174,19999844;10,06090000;11,21124000
174,59999844;10,28236000;10,95288000
174,99999845;10,19008000;10,95288000
175,39999845;10,42384000;11,19894000
175,79999846;10,97441000;11,70645000
176,19999846;10,75295000;11,70645000
176,59999847;9,78715500;11,19894000
176,99999847;9,31040800;10,95288000
177,39999848;9,31040800;10,95288000
177,79999849;9,78715500;11,19894000
178,19999849;10,75295000;11,70645000
178,59999850;10,98671000;11,70645000
178,99999850;10,48228000;11,19894000
179,39999851;10,01476000;10,95288000
179,79999851;9,59953100;10,95288000
180,19999852;9,37807500;11,19894000
180,59999852;9,37807500;11,70645000
180,99999853;9,61183500;11,71567000
181,39999853;10,07320000;11,25738000
181,79999854;10,29466000;10,77756000
182,19999854;10,24852000;10,27313000
182,59999855;10,23622000;10,52842000
182,99999855;10,23622000;11,58649000
183,39999856;10,22392000;11,57726000
183,79999857;10,17778000;10,46998000
184,19999857;10,41154000;10,42384000
184,59999858;10,91905000;11,34350000
184,99999858;10,91905000;12,24471000
185,39999859;10,41154000;13,02288000
185,79999859;10,17778000;13,66572000
186,19999860;10,22392000;14,03174000
186,59999860;10,22392000;14,23167000
186,99999861;10,17778000;14,18553000
187,39999861;10,41154000;14,17323000
187,79999862;10,91905000;14,17323000
188,19999862;10,91905000;14,16092000
188,59999863;10,41154000;14,11479000
188,99999863;10,19008000;14,34855000
189,39999864;10,28236000;14,85605000
189,79999865;10,07320000;14,86528000
190,19999865;9,61183500;14,40699000
190,59999866;9,39037900;13,95177000
190,99999866;9,43651600;13,53654000
191,39999867;9,43651600;13,33969000
191,79999867;9,39037900;13,43196000
192,19999868;9,61183500;13,19820000
192,59999868;10,07320000;12,64764000
192,99999869;10,30696000;12,89062000
193,39999869;10,30696000;13,94870000
193,79999870;10,06090000;13,94870000
194,19999870;9,55339400;12,89062000
194,59999871;9,55339400;12,66917000
194,99999872;10,06090000;13,31508000
195,39999872;10,29466000;13,11516000
195,79999873;10,24852000;12,14936000
196,19999873;10,23622000;11,68184000
196,59999874;10,23622000;11,72798000
196,99999874;10,23622000;11,98634000
197,39999875;10,23622000;12,49385000
197,79999875;10,23622000;12,49385000
198,19999876;10,23622000;11,98634000
198,59999876;10,23622000;11,75258000
198,99999877;10,23622000;11,79872000
199,39999877;10,23622000;11,82333000
199,79999878;10,23622000;11,86946000
200,19999878;10,23622000;11,63570000
200,59999879;10,23622000;11,12820000
200,99999880;10,24852000;11,11897000
201,39999880;10,29466000;11,57726000
201,79999881;10,06090000;12,04478000
202,19999881;9,55339400;12,50307000
202,59999882;9,56569900;12,46924000
202,99999882;10,11934000;11,86946000
203,39999883;10,11934000;12,10322000
203,79999883;9,56569900;13,16129000
204,19999884;9,56569900;13,17360000
204,59999884;10,11934000;12,16166000
204,99999885;10,13164000;11,69414000
205,39999885;9,62413800;11,78642000
205,79999886;9,37807500;11,79872000
206,19999886;9,37807500;11,75258000
206,59999887;9,63644100;11,99865000
206,99999888;10,18701000;12,54921000
207,39999888;9,94402000;12,31545000
207,79999889;8,88594900;11,30659000
208,19999889;8,88594900;11,07283000
208,59999890;9,94402000;11,62340000
208,99999890;10,18701000;11,88177000
209,39999891;9,63644100;11,88177000
209,79999891;9,40268100;11,63570000
210,19999892;9,49495500;11,12820000
210,59999892;9,26119500;11,12820000
210,99999893;8,71062900;11,63570000
211,39999893;8,93208600;11,89407000
211,79999894;9,89788300;11,94021000
212,19999894;10,35310000;11,47269000
212,59999895;10,26083000;10,50689000
212,99999896;10,24852000;10,28543000
213,39999896;10,29466000;10,83600000
213,79999897;10,04860000;11,06976000
214,19999897;9,49803200;10,97748000
214,59999898;9,73179100;11,19894000
214,99999898;10,74065000;11,70645000
215,39999899;10,97441000;11,70645000
215,79999899;10,42384000;11,19894000
216,19999900;10,17778000;10,96518000
216,59999900;10,22392000;11,01132000
216,99999901;10,24852000;11,01132000
217,39999901;10,29466000;10,96518000
217,79999902;10,04860000;11,17433000
218,19999902;9,49803200;11,58957000
218,59999903;9,73179100;12,04478000
218,99999904;10,74065000;12,50307000
219,39999904;10,98671000;12,50307000
219,79999905;10,48228000;12,04478000
220,19999905;9,99015700;11,58957000
220,59999906;9,48572700;11,17433000
220,99999906;9,73179100;10,96518000
221,39999907;10,74065000;11,01132000
221,79999907;10,97441000;11,02362000
222,19999908;10,42384000;11,02362000
222,59999908;10,17778000;11,03592000
222,99999909;10,22392000;11,08206000
223,39999909;10,24852000;10,83600000
223,79999910;10,29466000;10,28543000
224,19999910;10,06090000;10,51919000
224,59999911;9,55339400;11,52805000
224,99999912;9,56569900;11,76181000
225,39999912;10,11934000;11,21124000
225,79999913;10,11934000;10,95288000
226,19999913;9,56569900;10,95288000
226,59999914;9,55339400;11,18664000
226,99999914;10,06090000;11,64801000
227,39999915;10,29466000;11,86946000
227,79999915;10,24852000;11,82333000
228,19999916;10,22392000;11,79872000
228,59999916;10,17778000;11,75258000
228,99999917;10,41154000;11,99865000
229,39999917;10,91905000;12,54921000
229,79999918;10,91905000;12,34006000
230,19999919;10,41154000;11,42040000
230,59999919;10,19008000;10,73142000
230,99999920;10,28236000;10,31927000
231,39999920;10,07320000;10,34080000
231,79999921;9,61183500;10,84830000
232,19999921;9,37807500;11,09436000
232,59999922;9,37807500;11,09436000
232,99999922;9,62413800;10,84830000
233,39999923;10,13164000;10,34080000
233,79999923;10,13164000;10,33157000
234,19999924;9,62413800;10,78986000
234,59999924;9,39037900;11,26968000
234,99999925;9,43651600;11,77411000
235,39999925;9,43651600;11,52805000
235,79999926;9,39037900;10,51919000
236,19999927;9,61183500;10,28543000
236,59999927;10,07320000;10,83600000
236,99999928;10,29466000;11,06976000
237,39999928;10,24852000;10,97748000
237,79999929;10,24852000;11,19894000
238,19999929;10,29466000;11,70645000
238,59999930;10,07320000;11,69414000
238,99999930;9,61183500;11,14050000
239,39999931;9,37807500;11,12820000
239,79999931;9,37807500;11,63570000
240,19999932;9,61183500;11,89407000
240,59999932;10,07320000;11,94021000
240,99999933;10,30696000;11,47269000
241,39999933;10,30696000;10,50689000
241,79999934;10,07320000;10,27313000
242,19999935;9,61183500;10,77756000
242,59999935;9,39037900;11,24508000
242,99999936;9,43651600;11,66031000
243,39999936;9,44881800;11,88177000
243,79999937;9,44881800;11,88177000
244,19999937;9,43651600;11,66031000
244,59999938;9,39037900;11,24508000
244,99999938;9,61183500;10,78986000
245,39999939;10,07320000;10,33157000
245,79999939;10,29466000;10,34080000
246,19999940;10,24852000;10,84830000
246,59999940;10,24852000;11,08206000
246,99999941;10,29466000;11,03592000
247,39999941;10,06090000;11,02362000
247,79999942;9,55339400;11,02362000
248,19999943;9,55339400;11,02362000
248,59999943;10,06090000;11,02362000
248,99999944;10,30696000;11,01132000
249,39999944;10,30696000;10,96518000
249,79999945;10,07320000;11,19894000
250,19999945;9,61183500;11,70645000
250,59999946;9,39037900;11,70645000
250,99999946;9,43651600;11,19894000
251,39999947;9,43651600;10,94058000
251,79999947;9,39037900;10,89444000
252,19999948;9,61183500;11,37426000
252,59999948;10,07320000;12,38619000
252,99999949;10,30696000;12,38619000
253,39999949;10,30696000;11,37426000
253,79999950;10,07320000;10,89444000
254,19999951;9,61183500;10,94058000
254,59999951;9,39037900;11,21124000
254,99999952;9,43651600;11,76181000
255,39999952;9,44881800;11,52805000
255,79999953;9,44881800;10,51919000
256,19999953;9,44881800;10,28543000
256,59999954;9,44881800;10,83600000
256,99999954;9,44881800;11,08206000
257,39999955;9,44881800;11,03592000
257,79999955;9,44881800;11,03592000
258,19999956;9,44881800;11,08206000
258,59999956;9,43651600;10,84830000
258,99999957;9,39037900;10,34080000
259,39999957;9,59953100;10,35310000
259,79999958;10,01476000;10,90674000
260,19999959;10,45768000;10,89444000
260,59999959;10,87291000;10,29466000
260,99999960;11,11590000;10,52842000
261,39999960;11,20817000;11,58649000
261,79999961;10,50689000;11,57726000
262,19999961;9,03666200;10,46998000
262,59999962;8,82750900;10,46075000
262,99999962;9,93171700;11,51882000
263,39999963;10,18701000;11,75258000
263,79999963;9,63644100;11,15280000
264,19999964;9,39037900;11,12820000
264,59999964;9,43651600;11,63570000
264,99999965;9,43651600;11,88177000
265,39999966;9,39037900;11,88177000
265,79999966;9,61183500;11,64801000
266,19999967;10,07320000;11,18664000
266,59999967;10,29466000;10,96518000
266,99999968;10,24852000;11,01132000
267,39999968;10,23622000;10,99901000
267,79999969;10,23622000;10,90674000
268,19999969;10,23622000;11,37426000
268,59999970;10,23622000;12,38619000
268,99999970;10,22392000;12,38619000
269,39999971;10,17778000;11,37426000
269,79999971;10,41154000;10,89444000
270,19999972;10,91905000;10,94058000
270,59999972;10,92827000;11,21124000
270,99999973;10,46998000;11,76181000
271,39999974;10,00246000;11,54035000
271,79999974;9,54416800;10,57456000
272,19999975;9,56569900;10,10704000
272,59999975;10,11934000;10,15317000
272,99999976;10,13164000;10,41154000
273,39999976;9,62413800;10,91905000
273,79999977;9,39037900;10,90674000
274,19999977;9,43651600;10,35310000
274,59999978;9,44881800;10,34080000
274,99999978;9,44881800;10,84830000
275,39999979;9,44881800;11,06976000
275,79999979;9,44881800;10,97748000
276,19999980;9,44881800;11,19894000
276,59999980;9,44881800;11,70645000
276,99999981;9,44881800;11,69414000
277,39999982;9,44881800;11,14050000
277,79999982;9,44881800;11,14050000
278,19999983;9,44881800;11,69414000
278,59999983;9,44881800;11,70645000
278,99999984;9,44881800;11,19894000
279,39999984;9,44881800;10,96518000
279,79999985;9,44881800;11,01132000
280,19999985;9,43651600;11,01132000
280,59999986;9,39037900;10,96518000
280,99999986;9,61183500;11,19894000
281,39999987;10,07320000;11,70645000
281,79999987;10,29466000;11,71567000
282,19999988;10,24852000;11,25738000
282,59999988;10,22392000;10,78986000
282,99999989;10,17778000;10,33157000
283,39999990;10,42384000;10,35310000
283,79999990;10,97441000;10,90674000
284,19999991;10,74065000;10,90674000
284,59999991;9,73179100;10,35310000
284,99999992;9,49803200;10,33157000
285,39999992;10,04860000;10,78986000
285,79999993;10,29466000;11,25738000
286,19999993;10,24852000;11,71567000
286,59999994;10,24852000;11,69414000
286,99999994;10,29466000;11,14050000
287,39999995;10,07320000;11,12820000
287,79999995;9,61183500;11,63570000
288,19999996;9,39037900;11,86946000
288,59999996;9,43651600;11,82333000
288,99999997;9,43651600;11,82333000
289,39999998;9,39037900;11,86946000
289,79999998;9,62413800;11,63570000
290,19999999;10,13164000;11,12820000
290,59999999;10,13164000;11,14050000
291,00000000;9,62413800;11,69414000
291,40000000;9,39037900;11,70645000
291,80000001;9,43651600;11,19894000
292,20000001;9,43651600;10,97748000
292,60000002;9,39037900;11,06976000
293,00000002;9,62413800;10,83600000
293,40000003;10,13164000;10,28543000
293,80000003;10,13164000;10,54072000
294,20000004;9,62413800;11,64493000
294,60000004;9,39037900;11,41117000
295,00000005;9,43651600;9,84867000
295,40000006;9,43651600;9,61491000
295,80000006;9,39037900;10,71912000
296,20000007;9,62413800;10,97441000
296,60000007;10,13164000;10,42384000
297,00000008;10,13164000;10,17778000
297,40000008;9,62413800;10,22392000
297,80000009;9,39037900;10,22392000
298,20000009;9,43651600;10,17778000
298,60000010;9,44881800;10,39924000
299,00000010;9,44881800;10,86060000
299,40000011;9,44881800;11,08206000
299,80000011;9,44881800;11,03592000
300,20000012;9,43651600;11,01132000
300,60000012;9,39037900;10,96518000
301,00000013;9,62413800;11,19894000
301,40000014;10,13164000;11,70645000
301,80000014;10,13164000;11,70645000
302,20000015;9,62413800;11,19894000
302,60000015;9,37807500;10,96518000
303,00000016;9,37807500;11,01132000
303,40000016;9,61183500;11,01132000
303,80000017;10,07320000;10,96518000
304,20000017;10,30696000;11,18664000
304,60000018;10,30696000;11,64801000
305,00000018;10,07320000;11,88177000
305,40000019;9,61183500;11,88177000
305,80000019;9,37807500;11,62340000
306,20000020;9,37807500;11,07283000
306,60000021;9,61183500;11,32813000
307,00000021;10,07320000;12,43233000
307,40000022;10,30696000;12,21087000
307,80000022;10,30696000;10,69451000
308,20000023;10,07320000;10,22699000
308,60000023;9,61183500;10,82370000
309,00000024;9,39037900;11,09436000
309,40000024;9,43651600;11,09436000
309,80000025;9,43651600;10,84830000
310,20000025;9,39037900;10,34080000
310,60000026;9,62413800;10,33157000
311,00000026;10,13164000;10,78986000
311,40000027;10,11934000;11,25738000
311,80000027;9,56569900;11,71567000
312,20000028;9,54416800;11,69414000
312,60000029;10,00246000;11,14050000
313,00000029;10,48228000;11,12820000
313,40000030;10,98671000;11,63570000
313,80000030;10,75295000;11,88177000
314,20000031;9,78715500;11,88177000
314,60000031;9,33193800;11,66031000
315,00000032;9,42421200;11,24508000
315,40000032;9,44881800;10,77756000
315,80000033;9,44881800;10,27313000
316,20000033;9,44881800;10,51919000
316,60000034;9,44881800;11,52805000
317,00000034;9,44881800;11,76181000
317,40000035;9,44881800;11,21124000
317,80000035;9,44881800;10,96518000
318,20000036;9,44881800;11,01132000
318,60000037;9,43651600;11,01132000
319,00000037;9,39037900;10,96518000
319,40000038;9,61183500;11,21124000
319,80000038;10,07320000;11,76181000
320,20000039;10,31927000;11,52805000
320,60000039;10,36540000;10,51919000
321,00000040;9,88558000;10,28543000
321,40000040;8,87364700;10,83600000
321,80000041;8,87364700;11,08206000
322,20000041;9,88558000;11,03592000
322,60000042;10,35310000;11,01132000
323,00000042;10,26083000;10,96518000
323,40000043;10,24852000;11,19894000
323,80000043;10,29466000;11,70645000
324,20000044;10,06090000;11,69414000
324,60000045;9,55339400;11,14050000
325,00000045;9,56569900;11,14050000
325,40000046;10,11934000;11,69414000
325,80000046;10,11934000;11,69414000
326,20000047;9,56569900;11,14050000
326,60000047;9,56569900;11,14050000
327,00000048;10,11934000;11,69414000
327,40000048;10,11934000;11,71567000
327,80000049;9,56569900;11,25738000
328,20000049;9,57800100;10,77756000
328,60000050;10,17778000;10,27313000
329,00000050;9,95324800;10,51919000
329,40000051;8,94438800;11,52805000
329,80000051;8,73216000;11,75258000
330,20000052;9,37807500;11,15280000
330,60000053;9,16584600;11,14050000
331,00000053;8,15698700;11,69414000
331,40000054;7,91092400;11,69414000
331,80000054;8,41535400;11,14050000
332,20000055;8,88287400;11,14050000
332,60000055;9,29810500;11,69414000
333,00000056;9,50725700;11,70645000
333,40000056;9,46112100;11,19894000
333,80000057;9,44881800;10,96518000
334,20000057;9,44881800;11,01132000
334,60000058;9,44881800;11,02362000
335,00000058;9,44881800;11,02362000
335,40000059;9,43651600;11,02362000
335,80000059;9,39037900;11,02362000
336,20000060;9,61183500;11,02362000
336,60000061;10,07320000;11,02362000
337,00000061;10,29466000;11,02362000
337,40000062;10,24852000;11,02362000
337,80000062;10,23622000;11,02362000
338,20000063;10,23622000;11,02362000
338,60000063;10,23622000;11,02362000
339,00000064;10,23622000;11,02362000
339,40000064;10,24852000;11,02362000
339,80000065;10,29466000;11,02362000
340,20000065;10,06090000;11,02362000
340,60000066;9,55339400;11,02362000
341,00000066;9,56569900;11,01132000
341,40000067;10,11934000;10,96518000
341,80000068;10,14087000;11,19894000
342,20000068;9,68257800;11,70645000
342,60000069;9,21505800;11,70645000
343,00000069;8,75676600;11,19894000
343,40000070;8,75676600;10,96518000
343,80000070;9,21505800;11,01132000
344,20000071;9,68257800;11,01132000
344,60000071;10,14087000;10,96518000
345,00000072;10,13164000;11,21124000
345,40000072;9,62413800;11,76181000
345,80000073;9,37807500;11,54035000
346,20000073;9,37807500;10,57456000
346,60000074;9,62413800;10,11934000
347,00000074;10,13164000;10,21161000
347,40000075;10,13164000;10,22392000
347,80000076;9,62413800;10,17778000
348,20000076;9,37807500;10,39924000
348,60000077;9,37807500;10,86060000
349,00000077;9,62413800;11,06976000
349,40000078;10,13164000;10,97748000
349,80000078;10,13164000;11,18664000
350,20000079;9,62413800;11,64801000
350,60000079;9,39037900;11,89407000
351,00000080;9,43651600;11,94021000
351,40000080;9,44881800;11,47269000
351,80000081;9,44881800;10,50689000
352,20000081;9,44881800;10,28543000
352,60000082;9,44881800;10,83600000
353,00000082;9,44881800;11,09436000
353,40000083;9,44881800;11,09436000
353,80000084;9,43651600;10,84830000
354,20000084;9,39037900;10,34080000
354,60000085;9,62413800;10,33157000
355,00000085;10,13164000;10,78986000
355,40000086;10,11934000;11,25738000
355,80000086;9,56569900;11,71567000
356,20000087;9,56569900;11,69414000
356,60000087;10,11934000;11,14050000
357,00000088;10,11934000;11,14050000
357,40000088;9,56569900;11,69414000
357,80000089;9,55339400;11,70645000
358,20000089;10,06090000;11,19894000
358,60000090;10,29466000;10,96518000
359,00000090;10,24852000;11,01132000
359,40000091;10,22392000;10,99901000
359,80000092;10,17778000;10,90674000
360,20000092;10,41154000;11,36196000
360,60000093;10,91905000;12,32775000
361,00000093;10,92827000;12,56151000
361,40000094;10,46998000;12,05709000
361,80000094;10,01476000;11,57726000
362,20000095;9,59953100;11,11897000
362,60000095;9,39037900;11,11897000
363,00000096;9,43651600;11,57726000
363,40000096;9,46112100;12,06939000
363,80000097;9,50725700;12,61996000
364,20000097;9,27349900;12,14013000
364,60000098;8,76599300;10,62377000
365,00000098;8,76599300;10,39001000
365,40000099;9,27349900;11,44808000
365,80000100;9,51956200;11,94021000
366,20000100;9,51956200;11,89407000
366,60000101;9,26119500;11,64801000
367,00000101;8,71062900;11,18664000
367,40000102;8,93208600;10,97748000
367,80000102;9,89788300;11,06976000
368,20000103;10,36540000;10,84830000
368,60000103;10,31927000;10,34080000
369,00000104;10,06090000;10,34080000
369,40000104;9,55339400;10,84830000
369,80000105;9,55339400;11,08206000
370,20000105;10,06090000;11,03592000
370,60000106;10,29466000;11,01132000
371,00000106;10,24852000;10,96518000
371,40000107;10,24852000;11,19894000
371,80000108;10,29466000;11,70645000
372,20000108;10,07320000;11,69414000
372,60000109;9,61183500;11,14050000
373,00000109;9,39037900;11,14050000
373,40000110;9,43651600;11,69414000
373,80000110;9,44881800;11,71567000
374,20000111;9,44881800;11,25738000
374,60000111;9,43651600;10,77756000
375,00000112;9,39037900;10,27313000
375,40000112;9,62413800;10,51919000
375,80000113;10,13164000;11,52805000
376,20000113;10,11934000;11,75258000
376,60000114;9,56569900;11,15280000
377,00000115;9,55339400;11,15280000
377,40000115;10,06090000;11,75258000
377,80000116;10,29466000;11,51882000
378,20000116;10,24852000;10,46075000
378,60000117;10,24852000;10,46075000
379,00000117;10,29466000;11,51882000
379,40000118;10,07320000;11,76181000
379,80000118;9,61183500;11,21124000
380,20000119;9,37807500;10,95288000
380,60000119;9,37807500;10,95288000
381,00000120;9,63644100;11,21124000
381,40000120;10,18701000;11,76181000
381,80000121;9,94402000;11,51882000
382,20000121;8,88594900;10,46075000
382,60000122;8,88594900;10,44845000
383,00000123;9,94402000;11,46038000
383,40000123;10,18701000;11,94943000
383,80000124;9,63644100;11,94943000
384,20000124;9,37807500;11,46038000
384,60000125;9,37807500;10,44845000
385,00000125;9,61183500;10,46075000
385,40000126;10,07320000;11,51882000
385,80000126;10,29466000;11,75258000
386,20000127;10,24852000;11,15280000
386,60000127;10,23622000;11,14050000
387,00000128;10,23622000;11,69414000
387,40000128;10,24852000;11,68184000
387,80000129;10,29466000;11,08206000
388,20000129;10,07320000;11,30659000
388,60000130;9,61183500;12,31545000
389,00000131;9,39037900;12,54921000
389,40000131;9,43651600;11,99865000
389,80000132;9,44881800;11,75258000
390,20000132;9,44881800;11,79872000
390,60000133;9,44881800;11,82333000
391,00000133;9,44881800;11,86946000
391,40000134;9,43651600;11,64801000
391,80000134;9,39037900;11,18664000
392,20000135;9,62413800;10,96518000
392,60000135;10,13164000;11,01132000
393,00000136;10,13164000;11,02362000
393,40000136;9,62413800;11,02362000
393,80000137;9,37807500;11,02362000
394,20000137;9,37807500;11,02362000
394,60000138;9,61183500;11,01132000
395,00000139;10,07320000;10,96518000
395,40000139;10,30696000;11,18664000
395,80000140;10,30696000;11,64801000
396,20000140;10,07320000;11,88177000
396,60000141;9,61183500;11,88177000
397,00000141;9,37807500;11,64801000
397,40000142;9,37807500;11,18664000
397,80000142;9,62413800;10,96518000
398,20000143;10,13164000;11,01132000
398,60000143;10,11934000;11,02362000
399,00000144;9,56569900;11,02362000
399,40000144;9,56569900;11,02362000
399,80000145;10,11934000;11,02362000
400,20000145;10,13164000;11,02362000
400,60000146;9,62413800;11,02362000
401,00000147;9,40268100;11,02362000
401,40000147;9,49495500;11,02362000
401,80000148;9,27349900;11,02362000
402,20000148;8,76599300;11,02362000
402,60000149;8,75676600;11,03592000
403,00000149;9,21505800;11,08206000
403,40000150;9,68257800;10,83600000
403,80000150;10,14087000;10,28543000
404,20000151;10,11934000;10,52842000
404,60000151;9,56569900;11,58649000
405,00000152;9,55339400;11,58649000
405,40000152;10,06090000;10,52842000
405,80000153;10,29466000;10,28543000
406,20000153;10,24852000;10,83600000
406,60000154;10,22392000;11,08206000
407,00000155;10,17778000;11,03592000
407,40000155;10,42384000;11,02362000
407,80000156;10,97441000;11,02362000
408,20000156;10,74065000;11,01132000
408,60000157;9,73179100;10,96518000
409,00000157;9,50725700;11,19894000
409,40000158;10,10704000;11,70645000
409,80000158;10,13164000;11,71567000
410,20000159;9,62413800;11,25738000
410,60000159;9,39037900;10,77756000
411,00000160;9,43651600;10,27313000
411,40000160;9,44881800;10,50689000
411,80000161;9,44881800;11,47269000
412,20000162;9,43651600;11,94943000
412,60000162;9,39037900;11,94943000
413,00000163;9,61183500;11,46038000
413,40000163;10,07320000;10,44845000
413,80000164;10,29466000;10,44845000
414,20000164;10,24852000;11,46038000
414,60000165;10,26083000;11,92790000
415,00000165;10,35310000;11,83563000
415,40000166;9,88558000;11,79872000
415,80000166;8,87364700;11,75258000
416,20000167;8,88594900;11,98634000
416,60000167;9,94402000;12,49385000
417,00000168;10,18701000;12,49385000
417,40000168;9,63644100;11,98634000
417,80000169;9,39037900;11,77719000
418,20000170;9,43651600;11,91560000
418,60000170;9,44881800;11,47269000
419,00000171;9,44881800;10,50689000
419,40000171;9,43651600;10,27313000
419,80000172;9,39037900;10,77756000
420,20000172;9,62413800;11,25738000
420,60000173;10,13164000;11,71567000
421,00000173;10,13164000;11,70645000
421,40000174;9,62413800;11,19894000
421,80000174;9,40268100;10,96518000
422,20000175;9,49495500;11,01132000
422,60000175;9,27349900;11,02362000
423,00000176;8,76599300;11,02362000
423,40000176;8,76599300;11,01132000
423,80000177;9,27349900;10,96518000
424,20000178;9,51956200;11,21124000
424,60000178;9,51956200;11,76181000
425,00000179;9,26119500;11,52805000
425,40000179;8,71062900;10,51919000
425,80000180;8,93208600;10,28543000
426,20000180;9,89788300;10,83600000
426,60000181;10,36540000;11,08206000
427,00000181;10,31927000;11,03592000
427,40000182;10,07320000;11,02362000
427,80000182;9,61183500;11,02362000
428,20000183;9,37807500;11,01132000
428,60000183;9,37807500;10,96518000
429,00000184;9,62413800;11,17433000
429,40000184;10,13164000;11,58957000
429,80000185;10,11934000;12,05709000
430,20000186;9,56569900;12,56151000
430,60000186;9,55339400;12,34006000
431,00000187;10,06090000;11,42040000
431,40000187;10,29466000;10,73142000
431,80000188;10,24852000;10,31927000
432,20000188;10,23622000;10,34080000
432,60000189;10,23622000;10,84830000
433,00000189;10,24852000;11,08206000
433,40000190;10,29466000;11,03592000
433,80000190;10,07320000;10,99901000
434,20000191;9,61183500;10,90674000
434,60000191;9,37807500;11,37426000
435,00000192;9,37807500;12,38619000
435,40000192;9,62413800;12,38619000
435,80000193;10,13164000;11,37426000
436,20000194;10,13164000;10,89444000
436,60000194;9,62413800;10,94058000
437,00000195;9,37807500;11,17433000
437,40000195;9,37807500;11,58957000
437,80000196;9,62413800;12,04478000
438,20000196;10,13164000;12,50307000
438,60000197;10,13164000;12,50307000
439,00000197;9,62413800;12,04478000
439,40000198;9,39037900;11,58957000
439,80000198;9,43651600;11,17433000
440,20000199;9,43651600;10,96518000
440,60000199;9,39037900;11,01132000
441,00000200;9,62413800;11,02362000
441,40000200;10,13164000;11,02362000
441,80000201;10,11934000;11,01132000
442,20000202;9,56569900;10,96518000
442,60000202;9,54416800;11,18664000
443,00000203;10,00246000;11,64801000
443,40000203;10,46998000;11,88177000
443,80000204;10,92827000;11,88177000
444,20000204;10,92827000;11,63570000
444,60000205;10,46998000;11,12820000
445,00000205;10,00246000;11,14050000
445,40000206;9,54416800;11,69414000
445,80000206;9,56569900;11,69414000
446,20000207;10,11934000;11,14050000
446,60000207;10,11934000;11,12820000
447,00000208;9,56569900;11,63570000
447,40000208;9,56569900;11,86946000
447,80000209;10,11934000;11,82333000
448,20000210;10,11934000;11,81102000
448,60000210;9,56569900;11,81102000
449,00000211;9,56569900;11,81102000
449,40000211;10,11934000;11,81102000
449,80000212;10,13164000;11,82333000
450,20000212;9,62413800;11,86946000
450,60000213;9,37807500;11,64801000
451,00000213;9,37807500;11,18664000
451,40000214;9,61183500;10,95288000
451,80000214;10,07320000;10,95288000
452,20000215;10,30696000;11,18664000
452,60000215;10,30696000;11,64801000
453,00000216;10,07320000;11,86946000
453,40000217;9,61183500;11,82333000
453,80000217;9,37807500;11,83563000
454,20000218;9,37807500;11,92790000
454,60000218;9,62413800;11,47269000
455,00000219;10,13164000;10,50689000
455,40000219;10,13164000;10,27313000
455,80000220;9,62413800;10,77756000
456,20000220;9,37807500;11,25738000
456,60000221;9,37807500;11,71567000
457,00000221;9,61183500;11,69414000
457,40000222;10,07320000;11,14050000
457,80000222;10,30696000;11,15280000
458,20000223;10,30696000;11,75258000
458,60000223;10,06090000;11,52805000
459,00000224;9,55339400;10,51919000
459,40000225;9,55339400;10,28543000
459,80000225;10,06090000;10,83600000
460,20000226;10,29466000;11,06976000
460,60000226;10,24852000;10,97748000
461,00000227;10,23622000;11,19894000
461,40000227;10,23622000;11,70645000
461,80000228;10,23622000;11,71567000
462,20000228;10,23622000;11,25738000
462,60000229;10,23622000;10,76525000
463,00000229;10,23622000;10,21469000
463,40000230;10,23622000;10,66991000
463,80000230;10,23622000;12,09400000
464,20000231;10,23622000;12,78297000
464,60000231;10,23622000;12,69070000
465,00000232;10,23622000;12,43541000
465,40000233;10,23622000;11,97404000
465,80000233;10,24852000;11,76489000
466,20000234;10,29466000;11,85716000
466,60000234;10,07320000;11,64801000
467,00000235;9,61183500;11,18664000
467,40000235;9,39037900;10,96518000
467,80000236;9,43651600;11,01132000
468,20000236;9,43651600;11,02362000
468,60000237;9,39037900;11,02362000
469,00000237;9,59953100;11,02362000
469,40000238;10,01476000;11,02362000
469,80000238;10,48228000;11,02362000
470,20000239;10,98671000;11,02362000
470,60000239;10,75295000;11,01132000
471,00000240;9,78715500;10,96518000
471,40000241;9,33193800;11,19894000
471,80000241;9,42421200;11,70645000
472,20000242;9,43651600;11,69414000
472,60000242;9,39037900;11,14050000
473,00000243;9,62413800;11,14050000
473,40000243;10,13164000;11,69414000
473,80000244;10,13164000;11,69414000
474,20000244;9,62413800;11,14050000
474,60000245;9,37807500;11,12820000
475,00000245;9,37807500;11,63570000
475,40000246;9,59953100;11,88177000
475,80000246;10,01476000;11,88177000
476,20000247;10,46998000;11,63570000
476,60000247;10,92827000;11,12820000
477,00000248;10,92827000;11,14050000
477,40000249;10,46998000;11,69414000
477,80000249;10,02707000;11,70645000
478,20000250;9,65797200;11,19894000
478,60000250;9,21505800;10,96518000
479,00000251;8,75676600;11,01132000
479,40000251;8,76599300;11,02362000
479,80000252;9,27349900;11,02362000
480,20000252;9,49495500;11,01132000
480,60000253;9,40268100;10,96518000
481,00000253;9,61183500;11,19894000
481,40000254;10,07320000;11,70645000
481,80000254;10,30696000;11,70645000
482,20000255;10,30696000;11,19894000
482,60000255;10,08551000;10,96518000
483,00000256;9,67027500;11,01132000
483,40000257;9,20275500;11,02362000
483,80000257;8,69832600;11,02362000
484,20000258;8,94438800;11,02362000
484,60000258;9,95324800;11,02362000
485,00000259;10,18701000;11,01132000
485,40000259;9,63644100;10,96518000
485,80000260;9,37807500;11,18664000
486,20000260;9,37807500;11,64801000
486,60000261;9,61183500;11,88177000
487,00000261;10,07320000;11,88177000
487,40000262;10,29466000;11,64801000
487,80000262;10,24852000;11,18664000
488,20000263;10,23622000;10,96518000
488,60000264;10,23622000;11,01132000
489,00000264;10,23622000;11,02362000
489,40000265;10,23622000;11,02362000
489,80000265;10,23622000;11,01132000
490,20000266;10,23622000;10,96518000
490,60000266;10,24852000;11,17433000
491,00000267;10,29466000;11,58957000
491,40000267;10,06090000;12,04478000
491,80000268;9,55339400;12,50307000
492,20000268;9,56569900;12,50307000
492,60000269;10,11934000;12,04478000
493,00000269;10,11934000;11,57726000
493,40000270;9,56569900;11,11897000
493,80000270;9,54416800;11,11897000
494,20000271;10,00246000;11,57726000
494,60000272;10,48228000;11,99865000
495,00000272;10,98671000;12,27239000
495,40000273;10,75295000;13,16129000
495,80000273;9,78715500;14,53925000
496,20000274;9,31040800;14,96986000
496,60000274;9,31040800;14,37315000
497,00000275;9,77792700;14,10248000
497,40000275;10,69451000;14,10248000
497,80000276;11,17433000;14,33624000
498,20000276;11,22047000;14,79761000
498,60000277;10,50689000;15,01907000
499,00000277;9,03666200;14,97293000
499,40000278;8,82750900;14,97293000
499,80000278;9,93171700;15,01907000
500,20000279;10,17778000;14,80992000
500,60000280;9,57800100;14,39468000
501,00000280;9,55339400;13,93947000
501,40000281;10,06090000;13,48118000
501,80000281;10,29466000;13,50271000
502,20000282;10,24852000;14,05635000
502,60000282;10,23622000;14,06865000
503,00000283;10,23622000;13,56115000
503,40000283;10,24852000;13,32739000
503,80000284;10,29466000;13,37352000
504,20000284;10,06090000;13,39813000
504,60000285;9,55339400;13,44427000
505,00000285;9,56569900;13,21051000
505,40000286;10,11934000;12,70300000
505,80000286;10,10704000;12,71530000
506,20000287;9,50725700;13,26895000
506,60000288;9,73179100;13,28125000
507,00000288;10,74065000;12,77374000
507,40000289;10,97441000;12,52768000
507,80000289;10,42384000;12,52768000
508,20000290;10,17778000;12,77374000
508,60000290;10,22392000;13,28125000
509,00000291;10,24852000;13,29048000
509,40000291;10,29466000;12,83218000
509,80000292;10,07320000;12,36466000
510,20000292;9,61183500;11,90637000
510,60000293;9,39037900;11,91560000
511,00000293;9,43651600;12,42311000
511,40000294;9,43651600;12,65686000
511,80000294;9,39037900;12,61073000
512,20000295;9,62413800;12,59842000
512,60000296;10,13164000;12,59842000
513,00000296;10,13164000;12,59842000
513,40000297;9,62413800;12,59842000
513,80000297;9,37807500;12,61073000
514,20000298;9,37807500;12,65686000
514,60000298;9,62413800;12,43541000
515,00000299;10,13164000;11,97404000
515,40000299;10,11934000;11,75258000
515,80000300;9,56569900;11,79872000
516,20000300;9,56569900;11,79872000
516,60000301;10,11934000;11,75258000
517,00000301;10,11934000;11,98634000
517,40000302;9,56569900;12,49385000
517,80000302;9,56569900;12,49385000
518,20000303;10,11934000;11,98634000
518,60000304;10,11934000;11,74028000
519,00000304;9,56569900;11,74028000
519,40000305;9,56569900;11,97404000
519,80000305;10,11934000;12,43541000
520,20000306;10,13164000;12,66917000
520,60000306;9,62413800;12,66917000
521,00000307;9,39037900;12,42311000
521,40000307;9,43651600;11,91560000
521,80000308;9,44881800;11,92790000
522,20000308;9,44881800;12,48154000
522,60000309;9,44881800;12,50307000
523,00000309;9,44881800;12,04478000
523,40000310;9,44881800;11,58957000
523,80000311;9,44881800;11,17433000
524,20000311;9,46112100;10,95288000
524,60000312;9,50725700;10,95288000
525,00000312;9,27349900;11,18664000
525,40000313;8,76599300;11,64801000
525,80000313;8,75676600;11,88177000
526,20000314;9,21505800;11,88177000
526,60000314;9,67027500;11,63570000
527,00000315;10,08551000;11,12820000
527,40000315;10,30696000;11,12820000
527,80000316;10,30696000;11,63570000
528,20000316;10,06090000;11,89407000
528,60000317;9,55339400;11,94021000
529,00000317;9,56569900;11,46038000
529,40000318;10,11934000;10,44845000
529,80000319;10,11934000;10,43615000
530,20000319;9,56569900;11,40194000
530,60000320;9,55339400;12,11553000
531,00000320;10,06090000;12,57382000
531,40000321;10,29466000;12,30622000
531,80000321;10,24852000;11,24815000
532,20000322;10,24852000;11,24815000
532,60000322;10,29466000;12,30622000
533,00000323;10,06090000;12,57382000
533,40000323;9,55339400;12,11553000
533,80000324;9,56569900;11,41425000
534,20000324;10,11934000;10,49459000
534,60000325;10,11934000;10,27313000
535,00000325;9,56569900;10,77756000
535,40000326;9,56569900;11,26968000
535,80000327;10,11934000;11,77411000
536,20000327;10,11934000;11,51882000
536,60000328;9,56569900;10,46075000
537,00000328;9,55339400;10,44845000
537,40000329;10,06090000;11,46038000
537,80000329;10,28236000;11,94021000
538,20000330;10,19008000;11,89407000
538,60000330;10,41154000;11,66031000
539,00000331;10,91905000;11,24508000
539,40000331;10,91905000;10,77756000
539,80000332;10,41154000;10,27313000
540,20000332;10,19008000;10,51919000
540,60000333;10,28236000;11,52805000
541,00000333;10,04860000;11,75258000
541,40000334;9,49803200;11,15280000
